ingredient,count,cuisine
salt,84,mexican
pepper,60,mexican
onion,52,mexican
garlic,52,mexican
oil,48,mexican
cloves,39,mexican
black,38,mexican
juice,34,mexican
cilantro,31,mexican
lime,31,mexican
chicken,29,mexican
water,27,mexican
tomatoes,26,mexican
olive,22,mexican
white,21,mexican
corn,20,mexican
diced,20,mexican
sugar,20,mexican
peeled,19,mexican
oregano,19,mexican
red,18,mexican
cheese,17,mexican
sauce,16,mexican
cumin,16,mexican
whole,16,mexican
serving,15,mexican
leaves,15,mexican
chili,14,mexican
tortillas,14,mexican
powder,14,mexican
vinegar,13,mexican
seeds,13,mexican
green,12,mexican
broth,12,mexican
chilies,12,mexican
canola,12,mexican
cinnamon,12,mexican
flour,12,mexican
tortilla,12,mexican
mexican,11,mexican
bunch,11,mexican
limes,11,mexican
pieces,11,mexican
clove,11,mexican
pork,11,mexican
jalapeno,11,mexican
chiles,10,mexican
medium,10,mexican
roasted,10,mexican
cooked,10,mexican
sprigs,10,mexican
shredded,9,mexican
ancho,9,mexican
plus,9,mexican
vegetable,9,mexican
butter,9,mexican
seed,9,mexican
onions,9,mexican
beef,8,mexican
chile,8,mexican
peppers,8,mexican
zest,8,mexican
serrano,8,mexican
small,8,mexican
toasted,8,mexican
avocado,8,mexican
wine,8,mexican
tomato,8,mexican
frying,7,mexican
eggs,7,mexican
boneless,7,mexican
harina,7,mexican
beans,7,mexican
hot,7,mexican
wedge,7,mexican
salsa,7,mexican
milk,7,mexican
cayenne,6,mexican
guajillo,6,mexican
stemmed,6,mexican
baking,6,mexican
fish,6,mexican
drained,6,mexican
masa,6,mexican
kg,6,mexican
mayonnaise,6,mexican
roughly,6,mexican
de,6,mexican
cream,6,mexican
jack,6,mexican
granulated,6,mexican
lemon,6,mexican
lard,6,mexican
pound,6,mexican
halved,5,mexican
slices,5,mexican
queso,5,mexican
bouillon,5,mexican
fresco,5,mexican
vanilla,5,mexican
beer,5,mexican
chipotle,5,mexican
mustard,5,mexican
wedges,5,mexican
chunks,5,mexican
meat,5,mexican
thick,5,mexican
removed,5,mexican
rice,5,mexican
paprika,4,mexican
quartered,4,mexican
strips,4,mexican
tomatillo,4,mexican
arbol,4,mexican
stick,4,mexican
epazote,4,mexican
divided,4,mexican
adobo,4,mexican
peppercorns,4,mexican
fat,4,mexican
bell,4,mexican
monterey,4,mexican
habanero,4,mexican
coarse,4,mexican
leaf,4,mexican
cabbage,4,mexican
roast,4,mexican
pinch,4,mexican
oranges,4,mexican
kosher,4,mexican
warm,4,mexican
chocolate,4,mexican
egg,4,mexican
sesame,4,mexican
sour,4,mexican
sweet,3,mexican
smoked,3,mexican
poblano,3,mexican
skinless,3,mexican
banana,3,mexican
pounds,3,mexican
seasoning,3,mexican
coriander,3,mexican
jalapenos,3,mexican
maggi,3,mexican
charred,3,mexican
cans,3,mexican
tabasco,3,mexican
quarters,3,mexican
substitute,3,mexican
parsley,3,mexican
softened,3,mexican
extract,3,mexican
blanched,3,mexican
preferably,3,mexican
torn,3,mexican
raisins,3,mexican
like,3,mexican
dijon,3,mexican
thighs,3,mexican
inch,3,mexican
rinsed,3,mexican
tomatillos,3,mexican
rough,3,mexican
fine,3,mexican
avocados,3,mexican
pitted,3,mexican
sea,3,mexican
allpurpose,3,mexican
yellow,3,mexican
cider,3,mexican
warmed,3,mexican
snapper,3,mexican
cod,3,mexican
goat,3,mexican
juiced,3,mexican
bay,3,mexican
mennonite,2,mexican
celery,2,mexican
head,2,mexican
tostadas,2,mexican
unsalted,2,mexican
crumbled,2,mexican
low,2,mexican
sodium,2,mexican
almond,2,mexican
husks,2,mexican
flat,2,mexican
maiz,2,mexican
serranos,2,mexican
shoulder,2,mexican
gallo,2,mexican
machaca,2,mexican
dash,2,mexican
salami,2,mexican
hominy,2,mexican
canned,2,mexican
carrots,2,mexican
crushed,2,mexican
worcestershire,2,mexican
dashes,2,mexican
flakes,2,mexican
accompany,2,mexican
hind,2,mexican
paste,2,mexican
quarter,2,mexican
deveined,2,mexican
unpeeled,2,mexican
inches,2,mexican
bonein,2,mexican
pico,2,mexican
pecans,2,mexican
grilled,2,mexican
pumpkin,2,mexican
membranes,2,mexican
marjoram,2,mexican
rolls,2,mexican
baguette,2,mexican
thin,2,mexican
used,2,mexican
three,2,mexican
well,2,mexican
cold,2,mexican
coarsely,2,mexican
tamales,2,mexican
orange,2,mexican
seville,2,mexican
necessary,2,mexican
rehydrated,2,mexican
grounded,2,mexican
coffee,2,mexican
approximately,2,mexican
lettuce,2,mexican
seasoned,2,mexican
minutes,2,mexican
soaked,2,mexican
refried,2,mexican
strawberries,2,mexican
meaty,2,mexican
deep,2,mexican
squeezed,2,mexican
leek,2,mexican
plantain,2,mexican
allspice,2,mexican
fillets,2,mexican
burrito,2,mexican
chuck,2,mexican
granule,2,mexican
bacon,2,mexican
cornstarch,2,mexican
drizzling,2,mexican
recipe,2,mexican
cubes,2,mexican
handful,2,mexican
italian,2,mexican
chorizo,2,mexican
halibut,2,mexican
cubed,2,mexican
scallion,2,mexican
pickled,2,mexican
pinto,2,mexican
sticks,2,mexican
ripe,2,mexican
sausage,2,mexican
soft,2,mexican
size,2,mexican
mushrooms,2,mexican
pureed,2,mexican
crema,2,mexican
follows,1,mexican
trimmed,1,mexican
thyme,1,mexican
porcini,1,mexican
poached,1,mexican
separate,1,mexican
tenderloin,1,mexican
blue,1,mexican
cushion,1,mexican
ibarra,1,mexican
apart,1,mexican
feta,1,mexican
cornmeal,1,mexican
hardcooked,1,mexican
azul,1,mexican
searing,1,mexican
plums,1,mexican
tuna,1,mexican
panuelo,1,mexican
raw,1,mexican
anise,1,mexican
yolks,1,mexican
one,1,mexican
whites,1,mexican
stock,1,mexican
habaneros,1,mexican
turkey,1,mexican
batter,1,mexican
olla,1,mexican
hazelnuts,1,mexican
simmering,1,mexican
herbs,1,mexican
mix,1,mexican
tarragon,1,mexican
boiling,1,mexican
mushroom,1,mexican
huitlacoche,1,mexican
butt,1,mexican
etc,1,mexican
la,1,mexican
granules,1,mexican
lowfat,1,mexican
honey,1,mexican
pineapple,1,mexican
walnuts,1,mexican
scraped,1,mexican
chives,1,mexican
cornflour,1,mexican
chiapas,1,mexican
firmflesh,1,mexican
gallon,1,mexican
plum,1,mexican
firm,1,mexican
santa,1,mexican
hoja,1,mexican
breasts,1,mexican
flank,1,mexican
thickcut,1,mexican
nuts,1,mexican
macadamia,1,mexican
chia,1,mexican
steak,1,mexican
bonito,1,mexican
slice,1,mexican
crusty,1,mexican
pot,1,mexican
manchego,1,mexican
bitter,1,mexican
achiote,1,mexican
annatto,1,mexican
semisweet,1,mexican
thread,1,mexican
saffron,1,mexican
rose,1,mexican
wheat,1,mexican
steaks,1,mexican
skirt,1,mexican
soda,1,mexican
quarts,1,mexican
mixed,1,mexican
coarseground,1,mexican
wish,1,mexican
shortening,1,mexican
peppercorn,1,mexican
bottle,1,mexican
squeeze,1,mexican
skinned,1,mexican
apricot,1,mexican
hulled,1,mexican
sal,1,mexican
hardboiled,1,mexican
time,1,mexican
sprig,1,mexican
lemons,1,mexican
rubbed,1,mexican
capers,1,mexican
olives,1,mexican
guero,1,mexican
shells,1,mexican
clams,1,mexican
touch,1,mexican
sections,1,mexican
runny,1,mexican
slightly,1,mexican
richtasting,1,mexican
rotisserie,1,mexican
brown,1,mexican
zested,1,mexican
curry,1,mexican
tamari,1,mexican
soy,1,mexican
ginger,1,mexican
rounds,1,mexican
rings,1,mexican
unseasoned,1,mexican
solid,1,mexican
crisply,1,mexican
bean,1,mexican
basil,1,mexican
nacho,1,mexican
swiss,1,mexican
layers,1,mexican
cloth,1,mexican
x,1,mexican
note,1,mexican
husked,1,mexican
package,1,mexican
versio,1,mexican
phillipine,1,mexican
made,1,mexican
latino,1,mexican
work,1,mexican
vegan,1,mexican
caned,1,mexican
bone,1,mexican
half,1,mexican
bolillos,1,mexican
two,1,mexican
needed,1,mexican
soaking,1,mexican
whipping,1,mexican
espresso,1,mexican
motts,1,mexican
gallons,1,mexican
shrimp,1,mexican
chips,1,mexican
scallions,1,mexican
radishes,1,mexican
directions,1,mexican
cooking,1,mexican
fried,1,mexican
tripe,1,mexican
japones,1,mexican
mozzarella,1,mexican
dredging,1,mexican
bottles,1,mexican
parrot,1,mexican
premium,1,mexican
cucumber,1,mexican
follow,1,mexican
sec,1,mexican
fully,1,mexican
nonfat,1,mexican
use,1,mexican
usually,1,mexican
carrot,1,mexican
beaten,1,mexican
kind,1,mexican
casing,1,mexican
ears,1,mexican
lean,1,mexican
nopalitos,1,mexican
cotija,1,mexican
chihuahua,1,mexican
sriracha,1,mexican
shucked,1,mexican
clamato,1,mexican
nondark,1,mexican
stalks,1,mexican
flesh,1,mexican
links,1,mexican
dough,1,mexican
roll,1,mexican
crescent,1,mexican
loaves,1,mexican
french,1,mexican
bread,1,mexican
breadcrumbs,1,mexican
almonds,1,mexican
fourths,1,mexican
canela,1,mexican
containers,1,mexican
margarine,1,mexican
crock,1,mexican
cheddar,1,mexican
grape,1,mexican
bunches,1,mexican
lightly,1,mexican
condensed,1,mexican
thirds,1,mexican
pure,1,mexican
peanut,1,mexican
guava,1,mexican
evaporated,1,mexican
piloncillo,1,mexican
sweetened,1,mexican
another,1,mexican
cones,1,mexican
cabrito,1,mexican
short,1,mexican
icecold,1,mexican
monterrey,1,mexican
hard,1,mexican
drops,1,mexican
depending,1,mexican
brewed,1,mexican
anchovy,1,mexican
boiled,1,mexican
roma,1,mexican
mashed,1,mexican
purple,1,mexican
croutons,1,mexican
cocoa,1,mexican
sherry,1,mexican
romaine,1,mexican
parmesan,1,mexican
guacamole,1,mexican
virgin,1,mexican
extra,1,mexican
coddled,1,mexican
yolk,1,mexican
smashed,1,mexican
yogurt,1,mexican
frijoles,1,mexican
extravirgin,1,mexican
oaxaca,1,mexican
strong,1,mexican
powdered,1,mexican
box,1,mexican
unbleached,1,mexican
pan,1,mexican
shopped,1,mexican
halves,1,mexican
dehydrated,1,mexican
duck,1,mexican
oversized,1,mexican
chops,1,mexican
shell,1,mexican
taco,1,mexican
grasshoppers,1,mexican
watermelon,1,mexican
mexico,1,mexican
nothing,1,mexican
new,1,mexican
first,1,mexican
peel,1,mexican
prefer,1,mexican
adorn,1,mexican
paddles,1,mexican
jitomates,1,mexican
authenticreal,1,mexican
breast,1,mexican
greenyellow,1,mexican
tequila,1,mexican
triple,1,mexican
ice,1,mexican
cactus,1,mexican
zucchini,1,mexican
added,1,mexican
tamarind,1,mexican
pulp,1,mexican
liters,1,mexican
pato,1,mexican
pref,1,mexican
little,1,mexican
long,1,mexican
favorite,1,mexican
legs,1,mexican
brand,1,mexican
el,1,mexican
plain,1,mexican
bite,1,mexican
potatoes,1,mexican
washed,1,mexican
cap,1,mexican
generous,1,mexican
cleaned,1,mexican
preserves,1,mexican
salt,68,italian
cheese,63,italian
pepper,61,italian
oil,61,italian
olive,52,italian
garlic,51,italian
flour,35,italian
white,29,italian
cloves,28,italian
tomatoes,27,italian
red,26,italian
sugar,26,italian
parmesan,26,italian
butter,26,italian
basil,25,italian
diced,25,italian
wine,25,italian
water,24,italian
chicken,24,italian
parsley,24,italian
onion,23,italian
black,23,italian
small,22,italian
italian,21,italian
eggs,20,italian
use,18,italian
egg,17,italian
allpurpose,16,italian
tomato,16,italian
crushed,15,italian
drained,15,italian
extra,15,italian
virgin,15,italian
leaf,15,italian
celery,15,italian
beaten,15,italian
oregano,14,italian
cream,14,italian
medium,14,italian
sauce,13,italian
plus,13,italian
powder,13,italian
pasta,13,italian
lemon,13,italian
flakes,13,italian
cooked,13,italian
stock,12,italian
juice,12,italian
romano,12,italian
beef,11,italian
peeled,11,italian
mozzarella,11,italian
vanilla,11,italian
seasoning,11,italian
broth,10,italian
leaves,10,italian
whole,10,italian
sea,9,italian
vinegar,9,italian
coarsely,9,italian
boneless,9,italian
sausage,8,italian
extract,8,italian
unsalted,8,italian
melted,8,italian
bay,8,italian
milk,8,italian
kosher,8,italian
flat,7,italian
capers,7,italian
bread,7,italian
yeast,7,italian
ricotta,7,italian
paste,7,italian
rice,7,italian
breadcrumbs,7,italian
zest,7,italian
skinless,7,italian
rinsed,7,italian
sweet,6,italian
shortening,6,italian
shredded,6,italian
thyme,6,italian
pinch,6,italian
removed,6,italian
pork,6,italian
balsamic,6,italian
almond,6,italian
slices,6,italian
fish,6,italian
chocolate,6,italian
carrot,6,italian
heavy,6,italian
thick,6,italian
fine,6,italian
carrots,6,italian
veal,6,italian
spaghetti,5,italian
arborio,5,italian
frozen,5,italian
package,5,italian
onions,5,italian
desired,5,italian
slightly,5,italian
mushrooms,5,italian
vegetable,5,italian
olives,5,italian
half,5,italian
warm,5,italian
green,5,italian
bacon,5,italian
orange,5,italian
canned,5,italian
hot,5,italian
shrimp,5,italian
dash,5,italian
rosemary,5,italian
thin,5,italian
bell,5,italian
fillets,5,italian
nutmeg,5,italian
active,5,italian
clove,4,italian
cans,4,italian
like,4,italian
baking,4,italian
pitted,4,italian
beans,4,italian
coarse,4,italian
pecorino,4,italian
used,4,italian
pancetta,4,italian
shells,4,italian
spinach,4,italian
plum,4,italian
cayenne,4,italian
honey,4,italian
round,4,italian
seasoned,4,italian
nuts,4,italian
chili,4,italian
crumbled,4,italian
frying,4,italian
breast,4,italian
stalks,4,italian
shell,3,italian
room,3,italian
pieces,3,italian
divided,3,italian
pizza,3,italian
paper,3,italian
temperature,3,italian
almonds,3,italian
marinara,3,italian
cinnamon,3,italian
roasted,3,italian
kg,3,italian
anise,3,italian
breasts,3,italian
substitute,3,italian
lean,3,italian
pine,3,italian
mixed,3,italian
needed,3,italian
thawed,3,italian
f,3,italian
anchovy,3,italian
steaks,3,italian
peppers,3,italian
bone,3,italian
cod,3,italian
squid,3,italian
cubed,3,italian
blanched,3,italian
confectioners,3,italian
chips,3,italian
yolks,3,italian
cleaned,3,italian
seed,3,italian
shallot,3,italian
homemade,3,italian
cubes,3,italian
ice,3,italian
baby,3,italian
lightly,3,italian
cherries,3,italian
squeezed,2,italian
nano,2,italian
mini,2,italian
vialone,2,italian
casing,2,italian
cookies,2,italian
undrained,2,italian
carnaroli,2,italian
superfino,2,italian
risotto,2,italian
mediumgrain,2,italian
marsala,2,italian
candied,2,italian
maraschino,2,italian
vodka,2,italian
lemons,2,italian
calamari,2,italian
well,2,italian
cherry,2,italian
deveined,2,italian
shelled,2,italian
clams,2,italian
top,2,italian
dusting,2,italian
steak,2,italian
raw,2,italian
rings,2,italian
inch,2,italian
deep,2,italian
whipping,2,italian
pure,2,italian
skin,2,italian
potatoes,2,italian
depending,2,italian
links,2,italian
want,2,italian
pistachios,2,italian
stems,2,italian
flesh,2,italian
meat,2,italian
shanks,2,italian
bass,2,italian
puree,2,italian
either,2,italian
cooled,2,italian
roomtemp,2,italian
packed,2,italian
toasted,2,italian
french,2,italian
type,2,italian
chuck,2,italian
unbleached,2,italian
granulated,2,italian
coconut,2,italian
tbsp,2,italian
baccalasoaked,2,italian
fluid,2,italian
bunch,2,italian
prosciutto,2,italian
wedges,2,italian
drizzle,2,italian
may,2,italian
thighs,2,italian
vineripened,2,italian
oz,2,italian
kalamata,2,italian
skinned,2,italian
semisweet,2,italian
picked,2,italian
suit,2,italian
one,2,italian
casings,2,italian
kale,2,italian
good,2,italian
halves,2,italian
margarine,2,italian
work,2,italian
zucchini,2,italian
cold,2,italian
kidney,2,italian
heat,2,italian
adjust,2,italian
penne,2,italian
shallots,2,italian
torn,2,italian
perciatelli,2,italian
mashed,2,italian
potato,2,italian
old,2,italian
rind,2,italian
lasagna,2,italian
preferably,2,italian
cutlets,2,italian
stalk,2,italian
soft,2,italian
level,2,italian
uncooked,2,italian
asiago,2,italian
mix,2,italian
parm,2,italian
sprigs,2,italian
halfandhalf,2,italian
chunks,2,italian
sprinkles,2,italian
ciabatta,1,italian
parmigianoreggiano,1,italian
yellow,1,italian
mediumground,1,italian
buffalo,1,italian
style,1,italian
combination,1,italian
cucumbers,1,italian
brinerinsed,1,italian
johnnys,1,italian
patted,1,italian
towels,1,italian
pounds,1,italian
polenta,1,italian
eggplant,1,italian
brand,1,italian
hunts,1,italian
hair,1,italian
available,1,italian
blackberries,1,italian
sundried,1,italian
heirloom,1,italian
needles,1,italian
trimmed,1,italian
clover,1,italian
lots,1,italian
branch,1,italian
paprika,1,italian
hungarian,1,italian
stewing,1,italian
country,1,italian
ball,1,italian
bing,1,italian
preserves,1,italian
camembert,1,italian
rolls,1,italian
loaf,1,italian
deli,1,italian
grown,1,italian
fried,1,italian
home,1,italian
strips,1,italian
brie,1,italian
porterhouse,1,italian
nicest,1,italian
multi,1,italian
maldon,1,italian
threecheese,1,italian
ripe,1,italian
bruschetta,1,italian
alternate,1,italian
creamy,1,italian
dinner,1,italian
nonalcoholic,1,italian
chives,1,italian
gelatin,1,italian
unflavored,1,italian
shaker,1,italian
cannoli,1,italian
slurry,1,italian
count,1,italian
make,1,italian
table,1,italian
refrigerated,1,italian
browning,1,italian
favorite,1,italian
striped,1,italian
inches,1,italian
crescent,1,italian
pound,1,italian
fatback,1,italian
tuscany,1,italian
blossom,1,italian
canadian,1,italian
petite,1,italian
noodle,1,italian
partially,1,italian
two,1,italian
rye,1,italian
bourbon,1,italian
follow,1,italian
directions,1,italian
traditionaly,1,italian
box,1,italian
meal,1,italian
scotch,1,italian
mild,1,italian
kahlua,1,italian
flavored,1,italian
cornstarch,1,italian
peas,1,italian
approximately,1,italian
whiskey,1,italian
cone,1,italian
rather,1,italian
cucumber,1,italian
cutlet,1,italian
bit,1,italian
lime,1,italian
ancho,1,italian
elongated,1,italian
cumin,1,italian
gelato,1,italian
grounds,1,italian
pint,1,italian
amaretto,1,italian
ones,1,italian
seeds,1,italian
sesame,1,italian
cornmeal,1,italian
wash,1,italian
ribbons,1,italian
hard,1,italian
sultana,1,italian
raisins,1,italian
colored,1,italian
limes,1,italian
glaze,1,italian
always,1,italian
light,1,italian
little,1,italian
yolk,1,italian
dish,1,italian
golden,1,italian
serving,1,italian
angel,1,italian
instant,1,italian
colors,1,italian
bright,1,italian
sodium,1,italian
dark,1,italian
rum,1,italian
fruit,1,italian
bowl,1,italian
grease,1,italian
grapeseed,1,italian
mold,1,italian
pan,1,italian
panettone,1,italian
hands,1,italian
raos,1,italian
split,1,italian
surface,1,italian
jar,1,italian
low,1,italian
mote,1,italian
nectar,1,italian
agave,1,italian
pestos,1,italian
garlicky,1,italian
tapenade,1,italian
flower,1,italian
proof,1,italian
bottles,1,italian
heated,1,italian
dip,1,italian
slice,1,italian
pepperoni,1,italian
partskim,1,italian
dough,1,italian
quarts,1,italian
fudge,1,italian
syrup,1,italian
linguine,1,italian
mincedchopped,1,italian
salted,1,italian
topping,1,italian
wafer,1,italian
sheets,1,italian
whites,1,italian
hazelnuts,1,italian
head,1,italian
cabbage,1,italian
garbanzo,1,italian
espresso,1,italian
curls,1,italian
cocoa,1,italian
savoiardi,1,italian
alessi,1,italian
packages,1,italian
brandy,1,italian
coffee,1,italian
strong,1,italian
brewed,1,italian
bean,1,italian
mascarpone,1,italian
chilled,1,italian
grade,1,italian
brushing,1,italian
peel,1,italian
citron,1,italian
mac,1,italian
drain,1,italian
mussels,1,italian
bream,1,italian
shaped,1,italian
unblanched,1,italian
richer,1,italian
serve,1,italian
coarsley,1,italian
salad,1,italian
real,1,italian
noodles,1,italian
cheesey,1,italian
short,1,italian
grain,1,italian
provolone,1,italian
aborio,1,italian
ditalini,1,italian
deepfrying,1,italian
cannellini,1,italian
progresso,1,italian
coating,1,italian
breadcrumb,1,italian
turkey,1,italian
flavor,1,italian
bottled,1,italian
prawns,1,italian
chop,1,italian
king,1,italian
balls,1,italian
monkfish,1,italian
oneinch,1,italian
shallowfrying,1,italian
welldrained,1,italian
cubelike,1,italian
orzo,1,italian
spicy,1,italian
amount,1,italian
sausages,1,italian
degrees,1,italian
scoops,1,italian
washed,1,italian
part,1,italian
sprinkling,1,italian
macaroni,1,italian
prepared,1,italian
edible,1,italian
belly,1,italian
pesto,1,italian
macaroons,1,italian
fillet,1,italian
catfish,1,italian
saffron,1,italian
worcestershire,1,italian
rough,1,italian
coriander,1,italian
shiitake,1,italian
finocchio,1,italian
fennel,1,italian
anchovies,1,italian
way,1,italian
go,1,italian
envelope,1,italian
drizzling,1,italian
scraped,1,italian
sherry,1,italian
mushroom,1,italian
also,1,italian
jack,1,italian
reserve,1,italian
scallops,1,italian
seafood,1,italian
allspice,1,italian
fruity,1,italian
long,1,italian
baguette,1,italian
pignolis,1,italian
tsp,1,italian
scaled,1,italian
heads,1,italian
berries,1,italian
tough,1,italian
comes,1,italian
salata,1,italian
buccatini,1,italian
quartered,1,italian
quality,1,italian
best,1,italian
veggie,1,italian
octopus,1,italian
consist,1,italian
monterey,1,italian
ham,1,italian
clarified,1,italian
chunked,1,italian
loose,1,italian
pints,1,italian
salami,1,italian
stemmed,1,italian
rib,1,italian
colavita,1,italian
spareribs,1,italian
meaty,1,italian
softened,1,italian
prefer,1,italian
brined,1,italian
description,1,italian
note,1,italian
see,1,italian
dredging,1,italian
butterflied,1,italian
maple,1,italian
peeledsmashed,1,italian
link,1,italian
less,1,italian
tartar,1,italian
fraiche,1,italian
soda,1,italian
scallions,1,italian
button,1,italian
preference,1,italian
touch,1,italian
springs,1,italian
cored,1,italian
fettuccine,1,italian
creme,1,italian
sharp,1,italian
cracked,1,italian
add,1,italian
suggest,1,italian
omit,1,italian
taggiasche,1,italian
reduce,1,italian
bonein,1,italian
substituted,1,italian
blend,1,italian
salt,76,indian
powder,60,indian
oil,55,indian
water,51,indian
pepper,45,indian
cumin,39,indian
garlic,37,indian
flour,34,indian
sugar,34,indian
ginger,33,indian
chili,33,indian
green,29,indian
leaves,29,indian
coriander,29,indian
seeds,28,indian
turmeric,28,indian
onion,28,indian
cardamom,27,indian
peeled,25,indian
cloves,25,indian
black,23,indian
paste,23,indian
cilantro,23,indian
cinnamon,21,indian
red,21,indian
chicken,20,indian
medium,19,indian
vegetable,19,indian
rice,19,indian
yogurt,19,indian
milk,19,indian
diced,18,indian
masala,18,indian
seed,17,indian
onions,17,indian
ghee,17,indian
pinch,17,indian
garam,17,indian
juice,16,indian
butter,16,indian
tomato,16,indian
whole,15,indian
plain,15,indian
chilies,15,indian
tomatoes,15,indian
cayenne,15,indian
lemon,14,indian
curry,14,indian
small,13,indian
crushed,13,indian
pods,13,indian
cream,11,indian
potatoes,11,indian
yellow,10,indian
mint,10,indian
mustard,10,indian
brown,10,indian
pieces,9,indian
clove,9,indian
baking,9,indian
white,9,indian
dal,8,indian
basmati,8,indian
bay,8,indian
inch,8,indian
powdered,8,indian
paprika,8,indian
saffron,7,indian
allpurpose,7,indian
sauce,7,indian
kg,7,indian
cooked,7,indian
sticks,7,indian
rose,6,indian
hot,6,indian
olive,6,indian
frozen,6,indian
frying,6,indian
almonds,6,indian
peas,6,indian
vinegar,6,indian
soda,6,indian
lentils,5,indian
flakes,5,indian
soaked,5,indian
split,5,indian
coconut,5,indian
light,5,indian
peppercorns,5,indian
indian,5,indian
boneless,5,indian
unsalted,5,indian
slices,5,indian
plus,5,indian
raw,5,indian
gram,5,indian
boiled,5,indian
gingerroot,5,indian
dough,5,indian
stock,4,indian
granulated,4,indian
thighs,4,indian
store,4,indian
sunflower,4,indian
sev,4,indian
extra,4,indian
thai,4,indian
fenugreek,4,indian
urad,4,indian
beaten,4,indian
canola,4,indian
lime,4,indian
skinless,4,indian
egg,4,indian
potato,4,indian
coarsely,4,indian
dash,4,indian
cubes,4,indian
ice,4,indian
soy,4,indian
leaf,4,indian
toasted,4,indian
sweet,4,indian
chickpeas,4,indian
deep,4,indian
mango,4,indian
half,4,indian
melted,4,indian
cashews,4,indian
part,4,indian
spring,3,indian
ripe,3,indian
recommended,3,indian
slivered,3,indian
chutney,3,indian
warm,3,indian
drumsticks,3,indian
cans,3,indian
available,3,indian
removed,3,indian
best,3,indian
spinach,3,indian
packed,3,indian
cheese,3,indian
nuts,3,indian
hindi,3,indian
pistachios,3,indian
known,3,indian
pulp,3,indian
roughly,3,indian
inches,3,indian
like,3,indian
baby,3,indian
besan,3,indian
virgin,3,indian
jalapeno,3,indian
fry,3,indian
serrano,3,indian
stick,3,indian
quartered,3,indian
use,3,indian
preferably,3,indian
breast,3,indian
quart,3,indian
peanut,3,indian
work,3,indian
peppers,3,indian
natural,3,indian
clarified,3,indian
tamarind,3,indian
piece,3,indian
fennel,3,indian
drained,3,indian
honey,3,indian
roasted,3,indian
double,3,indian
serving,3,indian
aka,3,indian
rolling,3,indian
cm,3,indian
size,2,indian
skinned,2,indian
hing,2,indian
broken,2,indian
less,2,indian
needed,2,indian
halfandhalf,2,indian
canned,2,indian
gingergarlic,2,indian
would,2,indian
margarine,2,indian
washed,2,indian
rinsed,2,indian
mashed,2,indian
thawed,2,indian
substitute,2,indian
liter,2,indian
orange,2,indian
dark,2,indian
hulled,2,indian
sriracha,2,indian
huy,2,indian
peanuts,2,indian
pc,2,indian
cornstarch,2,indian
coarse,2,indian
strawberry,2,indian
yeast,2,indian
yoghurt,2,indian
active,2,indian
fong,2,indian
bread,2,indian
thread,2,indian
kulfi,2,indian
beef,2,indian
noodles,2,indian
pista,2,indian
glass,2,indian
boiling,2,indian
puree,2,indian
broth,2,indian
falooda,2,indian
homemade,2,indian
lamb,2,indian
sesame,2,indian
bought,2,indian
beans,2,indian
chickpea,2,indian
buttermilk,2,indian
thick,2,indian
halves,2,indian
pea,2,indian
chick,2,indian
stores,2,indian
asafoetida,2,indian
meat,2,indian
carrot,2,indian
blanched,2,indian
semolina,2,indian
make,2,indian
moong,2,indian
sifted,2,indian
serve,2,indian
evaporated,2,indian
wheat,2,indian
garnishing,2,indian
almond,2,indian
bunch,2,indian
maida,2,indian
used,2,indian
paneer,2,indian
heavy,2,indian
idaho,2,indian
stem,2,indian
cardamoms,2,indian
allspice,2,indian
ilaichi,2,indian
divided,2,indian
fat,2,indian
madras,2,indian
chinese,1,indian
mild,1,indian
smallsizeddiced,1,indian
shallots,1,indian
takmaria,1,indian
bicarbonate,1,indian
full,1,indian
prawns,1,indian
puried,1,indian
brush,1,indian
chapati,1,indian
toover,1,indian
garbanzo,1,indian
rooafzah,1,indian
griddle,1,indian
skim,1,indian
parboiled,1,indian
eggplant,1,indian
fine,1,indian
desired,1,indian
chat,1,indian
lean,1,indian
longgrain,1,indian
florets,1,indian
amount,1,indian
reduce,1,indian
skimmed,1,indian
ketchup,1,indian
semi,1,indian
glasses,1,indian
seviyan,1,indian
vermicelli,1,indian
pistachio,1,indian
cucumber,1,indian
banana,1,indian
unpeeled,1,indian
mediumsizedchopped,1,indian
refined,1,indian
required,1,indian
cold,1,indian
raisin,1,indian
golden,1,indian
usli,1,indian
nylon,1,indian
poha,1,indian
shredded,1,indian
flattened,1,indian
carrots,1,indian
stalk,1,indian
shortening,1,indian
aaloobukharay,1,indian
shaping,1,indian
dice,1,indian
worked,1,indian
sieve,1,indian
food,1,indian
discarding,1,indian
pinches,1,indian
podina,1,indian
dhaniya,1,indian
patta,1,indian
pumpkin,1,indian
flesh,1,indian
tez,1,indian
bari,1,indian
dalchini,1,indian
zeera,1,indian
crackedcoarsely,1,indian
mirch,1,indian
kali,1,indian
apples,1,indian
cored,1,indian
cider,1,indian
mutton,1,indian
atleast,1,indian
chhoti,1,indian
hour,1,indian
chunks,1,indian
lehsan,1,indian
adrak,1,indian
prunes,1,indian
coloring,1,indian
mixed,1,indian
waxy,1,indian
sultana,1,indian
pressed,1,indian
dusting,1,indian
kneading,1,indian
tops,1,indian
salted,1,indian
extract,1,indian
uncooked,1,indian
selfrising,1,indian
laung,1,indian
mung,1,indian
oven,1,indian
bake,1,indian
coffee,1,indian
hardboiled,1,indian
eggs,1,indian
scallions,1,indian
stemmed,1,indian
pastry,1,indian
puff,1,indian
using,1,indian
trimmed,1,indian
pod,1,indian
deepfrying,1,indian
tbsp,1,indian
workspace,1,indian
lightly,1,indian
distilled,1,indian
cauliflower,1,indian
bags,1,indian
table,1,indian
choice,1,indian
fying,1,indian
pancake,1,indian
batter,1,indian
plums,1,indian
goat,1,indian
handful,1,indian
cooking,1,indian
wholemilk,1,indian
foil,1,indian
silver,1,indian
edible,1,indian
waterpeeled,1,indian
khoya,1,indian
lowfat,1,indian
tsp,1,indian
cube,1,indian
pomegranate,1,indian
imagine,1,indian
anise,1,indian
poppy,1,indian
liters,1,indian
else,1,indian
something,1,indian
chocolate,1,indian
sprinkled,1,indian
dahi,1,indian
flavoring,1,indian
condensed,1,indian
sweetened,1,indian
low,1,indian
fatfree,1,indian
syrup,1,indian
slice,1,indian
processed,1,indian
desiccated,1,indian
pie,1,indian
wine,1,indian
mangoes,1,indian
threads,1,indian
enough,1,indian
limes,1,indian
splash,1,indian
made,1,indian
slightly,1,indian
ready,1,indian
refrigerated,1,indian
rounds,1,indian
nine,1,indian
plum,1,indian
roma,1,indian
zest,1,indian
stoneground,1,indian
durum,1,indian
dredging,1,indian
binding,1,indian
pigeon,1,indian
softened,1,indian
strands,1,indian
nutmeg,1,indian
rock,1,indian
wish,1,indian
recipe,1,indian
said,1,indian
kashmiri,1,indian
type,1,indian
kasoori,1,indian
methi,1,indian
flower,1,indian
peppercorn,1,indian
petal,1,indian
depending,1,indian
fivespice,1,indian
juiced,1,indian
amchoor,1,indian
cubed,1,indian
breasts,1,indian
soft,1,indian
chile,1,indian
skin,1,indian
oz,1,indian
fl,1,indian
pint,1,indian
eye,1,indian
birds,1,indian
bell,1,indian
palm,1,indian
bark,1,indian
parts,1,indian
rai,1,indian
cook,1,indian
breadcrumbs,1,indian
naan,1,indian
stewing,1,indian
bag,1,indian
generous,1,indian
kala,1,indian
jeera,1,indian
heat,1,indian
hamburger,1,indian
buns,1,indian
pav,1,indian
tamarinddate,1,indian
sour,1,indian
rotisseriecooked,1,indian
organic,1,indian
puffs,1,indian
quarters,1,indian
leg,1,indian
bonein,1,indian
smoked,1,indian
skimmilk,1,indian
either,1,indian
unsweetened,1,indian
undrained,1,indian
krispies,1,indian
lentil,1,indian
spicy,1,indian
raisins,1,indian
asafetida,1,indian
pecans,1,indian
etc,1,indian
separated,1,indian
rings,1,indian
packages,1,indian
crescent,1,indian
rolls,1,indian
lengthwise,1,indian
tea,1,indian
decaf,1,indian
shallot,1,indian
bite,1,indian
tapioca,1,indian
jam,1,indian
vanilla,1,indian
whipped,1,indian
chiles,1,indian
legs,1,indian
shelled,1,indian
sauce,62,thai
sugar,47,thai
oil,46,thai
lime,43,thai
rice,40,thai
garlic,38,thai
red,35,thai
coconut,29,thai
pepper,29,thai
fish,28,thai
green,28,thai
leaves,27,thai
chicken,27,thai
juice,26,thai
paste,26,thai
cilantro,25,thai
onion,24,thai
salt,22,thai
milk,21,thai
brown,21,thai
thai,20,thai
ginger,20,thai
chili,20,thai
peanut,19,thai
soy,19,thai
curry,17,thai
cloves,17,thai
vegetable,15,thai
water,15,thai
skinless,14,thai
vinegar,14,thai
lemongrass,13,thai
boneless,13,thai
powder,13,thai
small,13,thai
basil,13,thai
peeled,12,thai
chilies,12,thai
roasted,11,thai
coriander,11,thai
medium,11,thai
crushed,11,thai
black,11,thai
white,11,thai
inch,11,thai
noodles,11,thai
strips,11,thai
coarsely,11,thai
pieces,11,thai
mushrooms,11,thai
palm,10,thai
breasts,10,thai
peanuts,10,thai
butter,10,thai
onions,10,thai
beef,9,thai
shredded,9,thai
leaf,8,thai
oyster,8,thai
light,8,thai
zest,8,thai
canola,8,thai
drained,8,thai
kaffir,8,thai
bell,8,thai
peppers,7,thai
creamy,7,thai
hot,7,thai
shrimp,7,thai
cooked,7,thai
tomatoes,7,thai
bean,7,thai
lemon,7,thai
thick,7,thai
diced,7,thai
lightly,6,thai
stalk,6,thai
shallot,6,thai
bunch,6,thai
cream,6,thai
sprouts,6,thai
stalks,6,thai
mint,6,thai
lettuce,6,thai
stock,6,thai
thin,6,thai
beans,5,thai
gingerroot,5,thai
package,5,thai
flakes,5,thai
sweet,5,thai
unsweetened,5,thai
wedges,5,thai
long,5,thai
shallots,5,thai
use,5,thai
halved,5,thai
clove,5,thai
turmeric,5,thai
jalapeno,5,thai
honey,5,thai
sesame,5,thai
oelek,4,thai
sambal,4,thai
wine,4,thai
pork,4,thai
tofu,4,thai
firm,4,thai
breast,4,thai
salted,4,thai
packed,4,thai
slices,4,thai
cubes,4,thai
olive,4,thai
serving,4,thai
thighs,4,thai
cumin,4,thai
carrot,4,thai
broth,4,thai
cubed,4,thai
broccoli,4,thai
cans,4,thai
plus,4,thai
galangal,4,thai
toasted,4,thai
included,3,thai
rinsed,3,thai
chiles,3,thai
extra,3,thai
seeds,3,thai
button,3,thai
scallions,3,thai
flour,3,thai
frozen,3,thai
squeezed,3,thai
chile,3,thai
roughly,3,thai
straw,3,thai
dark,3,thai
half,3,thai
lengthwise,3,thai
beaten,3,thai
cooking,3,thai
spring,3,thai
eggs,3,thai
grain,3,thai
trimmed,3,thai
vermicelli,3,thai
jasmine,3,thai
cucumber,3,thai
carrots,3,thai
cabbage,3,thai
steaks,3,thai
serrano,3,thai
salad,3,thai
chunks,3,thai
slivered,2,thai
additional,2,thai
roots,2,thai
part,2,thai
also,2,thai
good,2,thai
less,2,thai
sprigs,2,thai
short,2,thai
tender,2,thai
celery,2,thai
cayenne,2,thai
julienned,2,thai
mushroom,2,thai
lengths,2,thai
birds,2,thai
slice,2,thai
mango,2,thai
parts,2,thai
eye,2,thai
quartered,2,thai
scored,2,thai
cornstarch,2,thai
cider,2,thai
peas,2,thai
nam,2,thai
frying,2,thai
loosely,2,thai
sticky,2,thai
glutinous,2,thai
kosher,2,thai
steak,2,thai
bitesized,2,thai
pasta,2,thai
cashews,2,thai
crunchy,2,thai
salsa,2,thai
recipe,2,thai
patted,2,thai
seasoned,2,thai
uncooked,2,thai
cracked,2,thai
outer,2,thai
first,2,thai
greens,2,thai
rump,2,thai
chiligarlic,2,thai
sirloin,2,thai
jar,2,thai
halfandhalf,2,thai
deveined,2,thai
cardamom,2,thai
cinnamon,2,thai
whole,2,thai
removed,2,thai
canned,2,thai
add,2,thai
chinese,2,thai
romaine,2,thai
mince,2,thai
bamboo,2,thai
soya,2,thai
regular,2,thai
minutes,2,thai
panang,2,thai
soaked,2,thai
measure,1,thai
knife,1,thai
seedless,1,thai
desired,1,thai
crush,1,thai
substituted,1,thai
back,1,thai
golden,1,thai
rose,1,thai
new,1,thai
slicing,1,thai
heat,1,thai
york,1,thai
strip,1,thai
stems,1,thai
depending,1,thai
toss,1,thai
young,1,thai
exact,1,thai
prefer,1,thai
vietnamese,1,thai
bahn,1,thai
pho,1,thai
senmee,1,thai
peel,1,thai
egg,1,thai
sprout,1,thai
sriracha,1,thai
shoots,1,thai
unprocessed,1,thai
natural,1,thai
raisin,1,thai
apple,1,thai
moderate,1,thai
stacked,1,thai
spicyness,1,thai
nuts,1,thai
napa,1,thai
aka,1,thai
reserve,1,thai
pistachio,1,thai
laos,1,thai
see,1,thai
corn,1,thai
molasses,1,thai
pla,1,thai
tenderloin,1,thai
asian,1,thai
cold,1,thai
lowfat,1,thai
deep,1,thai
supermarket,1,thai
buy,1,thai
jicama,1,thai
bite,1,thai
size,1,thai
snap,1,thai
crispyfried,1,thai
mignonette,1,thai
chunky,1,thai
quality,1,thai
head,1,thai
chilis,1,thai
remove,1,thai
grind,1,thai
fine,1,thai
bagged,1,thai
mix,1,thai
bibb,1,thai
Â½,1,thai
grape,1,thai
stirfries,1,thai
spaghetti,1,thai
quickly,1,thai
hair,1,thai
skin,1,thai
maple,1,thai
leave,1,thai
syrup,1,thai
garnishflavor,1,thai
blackstrap,1,thai
sea,1,thai
potato,1,thai
kale,1,thai
bitesize,1,thai
snake,1,thai
although,1,thai
french,1,thai
brand,1,thai
work,1,thai
well,1,thai
tapioca,1,thai
pandanus,1,thai
tritip,1,thai
kitchen,1,thai
flank,1,thai
crosswise,1,thai
angel,1,thai
punch,1,thai
unsalted,1,thai
papayas,1,thai
blanched,1,thai
crisp,1,thai
finelychopped,1,thai
sprig,1,thai
clear,1,thai
softthen,1,thai
fungus,1,thai
presoaked,1,thai
cooled,1,thai
guajillo,1,thai
stemmed,1,thai
seconds,1,thai
inches,1,thai
ramen,1,thai
bought,1,thai
crispy,1,thai
fried,1,thai
deseeded,1,thai
roma,1,thai
pad,1,thai
count,1,thai
cherry,1,thai
pinch,1,thai
kg,1,thai
brisket,1,thai
gravy,1,thai
shank,1,thai
pineapple,1,thai
tomato,1,thai
layer,1,thai
lite,1,thai
like,1,thai
mild,1,thai
kind,1,thai
steamed,1,thai
fillet,1,thai
wedge,1,thai
divided,1,thai
paad,1,thai
madras,1,thai
indian,1,thai
skewers,1,thai
linguine,1,thai
iceberg,1,thai
instructions,1,thai
stir,1,thai
fry,1,thai
vegetables,1,thai
tea,1,thai
pods,1,thai
amount,1,thai
diagonal,1,thai
scallion,1,thai
sriraja,1,thai
crystallized,1,thai
almonds,1,thai
massaman,1,thai
made,1,thai
limes,1,thai
brave,1,thai
goodquality,1,thai
eighths,1,thai
pressed,1,thai
diagonally,1,thai
approximately,1,thai
diameter,1,thai
prik,1,thai
pao,1,thai
thickly,1,thai
washed,1,thai
yellow,1,thai
youre,1,thai
thigh,1,thai
sticks,1,thai
seededand,1,thai
peeledpittedcut,1,thai
zucchini,1,thai
lean,1,thai
loin,1,thai
tenders,1,thai
shiitake,1,thai
according,1,thai
directions,1,thai
yardlong,1,thai
plum,1,thai
jaggery,1,thai
big,1,thai
give,1,thai
ingredient,1,thai
find,1,thai
bay,1,thai
waxy,1,thai
potatoes,1,thai
mostly,1,thai
tamarind,1,thai
kow,1,thai
neyo,1,thai
mangoes,1,thai
still,1,thai
quartersize,1,thai
bonelessskinless,1,thai
flaked,1,thai
easier,1,thai
root,1,thai
flat,1,thai
kikoman,1,thai
little,1,thai
time,1,thai
youll,1,thai
know,1,thai
much,1,thai
increase,1,thai
decrease,1,thai
place,1,thai
cant,1,thai
mackerel,1,thai
sesame,48,korean
oil,45,korean
pepper,34,korean
sauce,31,korean
garlic,27,korean
soy,25,korean
sugar,22,korean
salt,22,korean
rice,21,korean
green,19,korean
red,18,korean
seeds,18,korean
korean,17,korean
onion,16,korean
water,16,korean
chili,15,korean
cloves,13,korean
white,12,korean
paste,12,korean
black,12,korean
toasted,11,korean
vinegar,11,korean
onions,10,korean
small,10,korean
scallions,9,korean
crushed,9,korean
gochujang,8,korean
powder,8,korean
flour,8,korean
mushrooms,8,korean
egg,8,korean
ginger,7,korean
pinch,7,korean
carrot,7,korean
slices,7,korean
eggs,7,korean
peeled,7,korean
wine,7,korean
flakes,7,korean
roasted,7,korean
vegetable,6,korean
chicken,6,korean
tofu,6,korean
dark,6,korean
beef,6,korean
honey,5,korean
beaten,5,korean
bean,5,korean
shredded,5,korean
pieces,5,korean
radishes,5,korean
cheese,5,korean
noodles,5,korean
shiitake,5,korean
juice,5,korean
kimchi,5,korean
cornstarch,4,korean
mushroom,4,korean
medium,4,korean
carrots,4,korean
spinach,4,korean
lettuce,4,korean
yellow,4,korean
kosher,4,korean
clove,4,korean
bell,4,korean
seed,4,korean
cabbage,4,korean
hot,4,korean
lemon,3,korean
syrup,3,korean
kind,3,korean
tomato,3,korean
boneless,3,korean
baby,3,korean
lengthwise,3,korean
roughly,3,korean
use,3,korean
julienned,3,korean
flavored,3,korean
thin,3,korean
coconut,3,korean
brown,3,korean
strips,3,korean
milk,3,korean
extra,3,korean
eye,3,korean
gochugaru,3,korean
long,3,korean
cooking,3,korean
cream,2,korean
stalks,2,korean
walla,2,korean
corn,2,korean
half,2,korean
steaks,2,korean
sodium,2,korean
squares,2,korean
chile,2,korean
kochugaru,2,korean
pinches,2,korean
bite,2,korean
soup,2,korean
sour,2,korean
wedge,2,korean
size,2,korean
cakes,2,korean
sriracha,2,korean
cooked,2,korean
sprouts,2,korean
inch,2,korean
neutral,2,korean
jumbo,2,korean
daikon,2,korean
sheet,2,korean
napa,2,korean
asian,2,korean
chunks,2,korean
rib,2,korean
apple,2,korean
cayenne,2,korean
pickled,2,korean
sweet,2,korean
head,2,korean
pork,2,korean
seaweed,2,korean
kim,2,korean
sheets,2,korean
chinese,2,korean
hardboiled,2,korean
section,2,korean
found,2,korean
sirloin,2,korean
soft,2,korean
low,2,korean
trimmed,2,korean
diagonally,2,korean
grapeseed,2,korean
spray,2,korean
mirin,2,korean
short,2,korean
ribs,2,korean
seasoning,2,korean
style,2,korean
sea,2,korean
steak,2,korean
washed,2,korean
jack,2,korean
anaheim,2,korean
ketchup,2,korean
stores,2,korean
firm,2,korean
cans,2,korean
bottled,2,korean
regular,2,korean
grocery,2,korean
presliced,1,korean
tamari,1,korean
part,1,korean
chives,1,korean
matchsticks,1,korean
orange,1,korean
sticks,1,korean
ends,1,korean
julienne,1,korean
oyster,1,korean
thread,1,korean
king,1,korean
match,1,korean
olive,1,korean
produce,1,korean
stirfrying,1,korean
potato,1,korean
ear,1,korean
graunlated,1,korean
distilled,1,korean
vermicelli,1,korean
perfect,1,korean
leaves,1,korean
cored,1,korean
substitute,1,korean
wood,1,korean
boston,1,korean
recommend,1,korean
granulated,1,korean
mediumsize,1,korean
heads,1,korean
whites,1,korean
length,1,korean
see,1,korean
note,1,korean
packages,1,korean
ramen,1,korean
including,1,korean
thighs,1,korean
skin,1,korean
fast,1,korean
rise,1,korean
yeast,1,korean
italian,1,korean
pepperoni,1,korean
mozzarella,1,korean
monterey,1,korean
parmesan,1,korean
mayonnaise,1,korean
best,1,korean
food,1,korean
catsup,1,korean
relish,1,korean
iceberg,1,korean
tomatoes,1,korean
cumin,1,korean
prefer,1,korean
cheddar,1,korean
flank,1,korean
miso,1,korean
yolks,1,korean
thickness,1,korean
scallion,1,korean
parts,1,korean
x,1,korean
wide,1,korean
angus,1,korean
crushedchopped,1,korean
fine,1,korean
crisp,1,korean
salad,1,korean
mild,1,korean
jalapeno,1,korean
kochukaru,1,korean
kimchii,1,korean
pickle,1,korean
either,1,korean
reconstituted,1,korean
button,1,korean
silken,1,korean
meatballs,1,korean
abura,1,korean
age,1,korean
fried,1,korean
leek,1,korean
rectangular,1,korean
adjust,1,korean
pancake,1,korean
liquid,1,korean
replacer,1,korean
halved,1,korean
gochuchang,1,korean
doenjang,1,korean
whole,1,korean
skinless,1,korean
cold,1,korean
frying,1,korean
room,1,korean
temperature,1,korean
needed,1,korean
lo,1,korean
mein,1,korean
tenderloin,1,korean
dashida,1,korean
stock,1,korean
big,1,korean
bok,1,korean
choy,1,korean
quartered,1,korean
add,1,korean
little,1,korean
time,1,korean
go,1,korean
may,1,korean
leaf,1,korean
flanken,1,korean
highly,1,korean
bag,1,korean
fish,1,korean
salted,1,korean
shrimp,1,korean
loin,1,korean
omit,1,korean
vegetarian,1,korean
kimchee,1,korean
reserve,1,korean
peppers,1,korean
coat,1,korean
pan,1,korean
steamed,1,korean
jasmine,1,korean
top,1,korean
th,1,korean
round,1,korean
sambal,1,korean
oelek,1,korean
package,1,korean
uncooked,1,korean
cellophane,1,korean
caps,1,korean
juliennecut,1,korean
enough,1,korean
recommended,1,korean
glutenfree,1,korean
tips,1,korean
diagonal,1,korean
kochujang,1,korean
put,1,korean
pizza,1,korean
oriental,1,korean
mixed,1,korean
squid,1,korean
rings,1,korean
prawns,1,korean
allpurpose,1,korean
spelt,1,korean
glutinousrice,1,korean
sunflower,1,korean
maple,1,korean
plus,1,korean
drizzle,1,korean
serve,1,korean
agave,1,korean
unrefined,1,korean
palm,1,korean
salmon,1,korean
fillets,1,korean
sake,1,korean
discarded,1,korean
wings,1,korean
frozen,1,korean
longer,1,korean
thawed,1,korean
drained,1,korean
lean,1,korean
shortgrain,1,korean
zucchini,1,korean
preferably,1,korean
made,1,korean
night,1,korean
chee,1,korean
container,1,korean
nori,1,korean
ingredient,1,korean
called,1,korean
gimgui,1,korean
sherry,1,korean
favorite,1,korean
tbsp,1,korean
pear,1,korean
bonein,1,korean
potatoes,1,korean
sized,1,korean
japanese,1,korean
eggplants,1,korean
tortillas,1,korean
salt,58,french
pepper,50,french
butter,49,french
oil,42,french
garlic,39,french
peeled,36,french
flour,34,french
olive,34,french
wine,30,french
thyme,30,french
cloves,30,french
sugar,29,french
stock,27,french
white,27,french
beef,24,french
onions,22,french
red,22,french
parsley,21,french
black,21,french
slices,21,french
water,19,french
onion,18,french
cheese,17,french
unsalted,16,french
cream,16,french
bay,16,french
eggs,16,french
leaves,15,french
medium,14,french
milk,14,french
chicken,14,french
diced,14,french
egg,14,french
leaf,14,french
lemon,13,french
bacon,12,french
small,12,french
tomatoes,11,french
sprigs,11,french
allpurpose,11,french
juice,10,french
pieces,9,french
pinch,9,french
tomato,9,french
potatoes,9,french
cubes,9,french
beans,9,french
basil,8,french
extra,8,french
pork,8,french
whole,8,french
divided,8,french
carrots,8,french
mustard,8,french
gruyere,8,french
bread,8,french
thin,8,french
shallots,7,french
beaten,7,french
vinegar,7,french
brown,7,french
thick,7,french
grams,6,french
pearl,6,french
plus,6,french
crushed,6,french
use,6,french
broth,6,french
warm,6,french
green,6,french
lightly,6,french
french,6,french
dijon,6,french
zest,6,french
mushroom,6,french
halved,6,french
sprig,6,french
paste,6,french
heavy,6,french
celery,6,french
ham,5,french
swiss,5,french
nutmeg,5,french
yeast,5,french
carrot,5,french
granulated,5,french
kosher,5,french
quartered,5,french
shredded,5,french
cleaned,5,french
softened,5,french
yellow,5,french
frozen,5,french
liquid,5,french
vanilla,5,french
coarsely,4,french
bouquet,4,french
breadcrumbs,4,french
inch,4,french
shallot,4,french
using,4,french
vegetable,4,french
cognac,4,french
virgin,4,french
skinless,4,french
preferably,4,french
roughly,4,french
unbleached,4,french
garni,4,french
mushrooms,4,french
whipping,4,french
steaks,4,french
kg,4,french
yolks,4,french
room,4,french
pastry,4,french
apples,3,french
smoked,3,french
flakes,3,french
panko,3,french
bell,3,french
coarse,3,french
single,3,french
skinned,3,french
wedges,3,french
well,3,french
fat,3,french
ripe,3,french
size,3,french
cured,3,french
zucchini,3,french
rings,3,french
whipped,3,french
peppers,3,french
drained,3,french
sausage,3,french
dash,3,french
margarine,3,french
dice,3,french
chocolate,3,french
baguette,3,french
cubed,3,french
temperature,3,french
clove,3,french
puff,3,french
thawed,3,french
duck,3,french
rum,3,french
stewing,3,french
herbes,3,french
bodied,3,french
de,3,french
full,3,french
powder,3,french
defatted,3,french
may,3,french
lean,3,french
powdered,3,french
pitted,3,french
herbs,3,french
like,3,french
boneless,3,french
sea,3,french
ribs,3,french
washed,3,french
veal,3,french
strong,3,french
provence,3,french
pressed,3,french
oregano,2,french
scrubbed,2,french
chop,2,french
almonds,2,french
approximately,2,french
imported,2,french
soft,2,french
clarified,2,french
squash,2,french
smashed,2,french
lettuce,2,french
baby,2,french
torn,2,french
string,2,french
frying,2,french
cayenne,2,french
boiled,2,french
rough,2,french
cooked,2,french
quarters,2,french
inches,2,french
pounds,2,french
rolling,2,french
rinsed,2,french
seed,2,french
lentils,2,french
fennel,2,french
liter,2,french
table,2,french
shelled,2,french
dough,2,french
trout,2,french
sherry,2,french
separated,2,french
balsamic,2,french
ginger,2,french
sauce,2,french
fillets,2,french
pickled,2,french
pin,2,french
mussels,2,french
active,2,french
f,2,french
degrees,2,french
vermouth,2,french
split,2,french
bean,2,french
mixed,2,french
sour,2,french
flatleaf,2,french
roasted,2,french
deseeded,2,french
tuna,2,french
crumbled,2,french
hardboiled,2,french
hot,2,french
blanched,2,french
chianti,2,french
reserve,2,french
cooking,2,french
chili,2,french
tinned,2,french
simple,2,french
posted,2,french
site,2,french
chickpeas,2,french
mozzarella,2,french
orange,2,french
granny,2,french
smith,2,french
mashed,2,french
choose,2,french
add,2,french
cinnamon,2,french
bone,2,french
chops,2,french
lamb,2,french
dred,2,french
brandy,2,french
breasts,2,french
madeira,2,french
preserves,2,french
parmesan,2,french
canswith,2,french
dark,2,french
solid,2,french
quarts,2,french
emmenthaler,2,french
bordeaux,2,french
baking,2,french
quality,2,french
extract,2,french
molds,2,french
lardons,2,french
left,2,french
good,2,french
chunk,2,french
tarragon,2,french
filling,2,french
melted,2,french
confectioners,2,french
half,2,french
burgundy,2,french
armagnac,2,french
bottle,1,french
cm,1,french
soup,1,french
pint,1,french
glaze,1,french
belgian,1,french
mirepoix,1,french
fig,1,french
port,1,french
paprika,1,french
beer,1,french
works,1,french
layer,1,french
pack,1,french
form,1,french
measuring,1,french
halves,1,french
ale,1,french
mild,1,french
hocks,1,french
two,1,french
raclette,1,french
cornstarch,1,french
long,1,french
bones,1,french
rabbit,1,french
flat,1,french
wide,1,french
blocks,1,french
bunch,1,french
gelatin,1,french
bowl,1,french
chuck,1,french
trotter,1,french
studded,1,french
tiny,1,french
otherwise,1,french
new,1,french
kept,1,french
sauces,1,french
gherkins,1,french
cornichons,1,french
peeledone,1,french
country,1,french
strips,1,french
raisin,1,french
liverwurst,1,french
crunchy,1,french
similarly,1,french
breast,1,french
cos,1,french
olives,1,french
anchovies,1,french
pudding,1,french
salted,1,french
big,1,french
noodles,1,french
rolls,1,french
venison,1,french
ciabatta,1,french
pain,1,french
drippings,1,french
type,1,french
wider,1,french
approximate,1,french
vermicelli,1,french
broken,1,french
substitute,1,french
knuckle,1,french
berries,1,french
juniper,1,french
lard,1,french
laurel,1,french
sauerkraut,1,french
neck,1,french
marbled,1,french
belly,1,french
kitchen,1,french
firmly,1,french
sage,1,french
peel,1,french
sweet,1,french
sundried,1,french
plain,1,french
escalopes,1,french
hock,1,french
packed,1,french
peppercorn,1,french
tournedos,1,french
du,1,french
cored,1,french
pickling,1,french
baguettes,1,french
toasted,1,french
serving,1,french
gelato,1,french
chilled,1,french
rye,1,french
sheet,1,french
squares,1,french
spices,1,french
semisweet,1,french
shells,1,french
snail,1,french
snails,1,french
canned,1,french
prefer,1,french
required,1,french
puy,1,french
caps,1,french
knob,1,french
mignon,1,french
sifted,1,french
filet,1,french
blade,1,french
heated,1,french
pints,1,french
less,1,french
decoration,1,french
fruit,1,french
candied,1,french
package,1,french
deboned,1,french
manchego,1,french
round,1,french
bouillon,1,french
cornmeal,1,french
roma,1,french
chile,1,french
fresno,1,french
tasso,1,french
something,1,french
temp,1,french
calvados,1,french
apricot,1,french
haricot,1,french
sausages,1,french
meaty,1,french
glass,1,french
smen,1,french
ghee,1,french
couscous,1,french
ones,1,french
algerian,1,french
liters,1,french
liquidised,1,french
plum,1,french
sunflower,1,french
mint,1,french
mix,1,french
spice,1,french
hanout,1,french
biggish,1,french
chunks,1,french
leg,1,french
butternut,1,french
combination,1,french
chives,1,french
turnips,1,french
leeks,1,french
sized,1,french
eggplants,1,french
russet,1,french
iron,1,french
lengthways,1,french
cast,1,french
bayonne,1,french
across,1,french
crusty,1,french
liquor,1,french
kirsch,1,french
appenzeller,1,french
el,1,french
ras,1,french
khorchef,1,french
live,1,french
corn,1,french
buckwheat,1,french
blend,1,french
easy,1,french
caster,1,french
basilchopped,1,french
parsleychervilor,1,french
demiglace,1,french
shoulder,1,french
entrecote,1,french
cherries,1,french
button,1,french
chervil,1,french
rosemary,1,french
basic,1,french
thighs,1,french
grapeseed,1,french
strongly,1,french
stalks,1,french
paper,1,french
parsnip,1,french
turnip,1,french
swede,1,french
courgettes,1,french
possible,1,french
free,1,french
skin,1,french
virginia,1,french
suggest,1,french
baked,1,french
removed,1,french
crusts,1,french
supremes,1,french
yolk,1,french
inserted,1,french
fed,1,french
canola,1,french
star,1,french
anise,1,french
coffee,1,french
fried,1,french
crisply,1,french
deli,1,french
double,1,french
peaks,1,french
marnier,1,french
grand,1,french
espresso,1,french
tender,1,french
bittersweet,1,french
lemons,1,french
head,1,french
fraiche,1,french
creme,1,french
oz,1,french
important,1,french
steamed,1,french
almond,1,french
patted,1,french
peppercorns,1,french
tart,1,french
top,1,french
browning,1,french
textured,1,french
firm,1,french
goose,1,french
fluid,1,french
mace,1,french
whites,1,french
seasoning,1,french
rabelais,1,french
quatreepices,1,french
leave,1,french
chickens,1,french
jam,1,french
ganache,1,french
marjoram,1,french
anchovy,1,french
allspice,1,french
piece,1,french
boned,1,french
flounder,1,french
saffron,1,french
grain,1,french
colors,1,french
different,1,french
heirloom,1,french
approx,1,french
scallops,1,french
spanish,1,french
air,1,french
light,1,french
scraped,1,french
lengthwise,1,french
legs,1,french
berry,1,french
fillet,1,french
crabmeat,1,french
nicoise,1,french
dusting,1,french
hands,1,french
greasing,1,french
brushing,1,french
additional,1,french
instant,1,french
surface,1,french
work,1,french
jarlsberg,1,french
clams,1,french
garlicinfused,1,french
methods,1,french
shrimp,1,french
recipe,1,french
clam,1,french
bulb,1,french
squid,1,french
ementhaller,1,french
salt,38,latin american
pepper,31,latin american
oil,31,latin american
onion,25,latin american
water,21,latin american
sugar,21,latin american
garlic,21,latin american
white,20,latin american
olive,18,latin american
red,18,latin american
flour,17,latin american
green,16,latin american
cilantro,16,latin american
cloves,16,latin american
chicken,16,latin american
butter,16,latin american
corn,15,latin american
diced,13,latin american
milk,13,latin american
cumin,13,latin american
cheese,13,latin american
cooked,12,latin american
powder,11,latin american
tomatoes,11,latin american
pieces,11,latin american
sauce,11,latin american
medium,10,latin american
juice,10,latin american
black,10,latin american
vinegar,9,latin american
beef,9,latin american
eggs,9,latin american
egg,9,latin american
rice,8,latin american
cream,8,latin american
granulated,8,latin american
use,8,latin american
onions,8,latin american
tomato,7,latin american
oregano,7,latin american
coarsely,7,latin american
kg,7,latin american
vegetable,7,latin american
whole,7,latin american
peeled,7,latin american
lime,7,latin american
small,7,latin american
vanilla,7,latin american
baking,6,latin american
drained,6,latin american
fish,6,latin american
aji,6,latin american
fillets,5,latin american
cubes,5,latin american
orange,5,latin american
chile,5,latin american
frozen,5,latin american
bell,5,latin american
stock,5,latin american
cooled,5,latin american
cinnamon,5,latin american
wine,5,latin american
also,5,latin american
potato,5,latin american
pork,5,latin american
fruit,4,latin american
paprika,4,latin american
broth,4,latin american
leaves,4,latin american
syrup,4,latin american
carrots,4,latin american
lemon,4,latin american
sea,4,latin american
shrimp,4,latin american
limo,4,latin american
veins,4,latin american
yellow,4,latin american
allpurpose,4,latin american
bought,4,latin american
cubed,4,latin american
bunch,4,latin american
squeeze,4,latin american
paste,4,latin american
parsley,4,latin american
root,4,latin american
cooking,4,latin american
parmesan,4,latin american
warm,4,latin american
bacon,4,latin american
found,4,latin american
heavy,4,latin american
shredded,4,latin american
yucca,4,latin american
meat,4,latin american
seasoning,4,latin american
beans,4,latin american
flank,3,latin american
pound,3,latin american
unsalted,3,latin american
hardboiled,3,latin american
limes,3,latin american
potatoes,3,latin american
ice,3,latin american
kernels,3,latin american
packed,3,latin american
store,3,latin american
condensed,3,latin american
sub,3,latin american
sweetened,3,latin american
pimento,3,latin american
sour,3,latin american
gold,3,latin american
yukon,3,latin american
chili,3,latin american
banana,3,latin american
coconut,3,latin american
bouillon,3,latin american
margarine,3,latin american
stuffed,3,latin american
softened,3,latin american
remove,3,latin american
well,3,latin american
masa,3,latin american
peas,3,latin american
preffer,3,latin american
fine,3,latin american
rinsed,3,latin american
without,3,latin american
achiote,3,latin american
thighs,3,latin american
season,3,latin american
breasts,3,latin american
lard,3,latin american
peruvian,3,latin american
goya,3,latin american
plus,3,latin american
peppers,3,latin american
worcestershire,3,latin american
zest,2,latin american
apple,2,latin american
sazon,2,latin american
tilapia,2,latin american
three,2,latin american
serrano,2,latin american
cider,2,latin american
plantains,2,latin american
breadcrumbs,2,latin american
ham,2,latin american
ripe,2,latin american
lulo,2,latin american
chilies,2,latin american
extract,2,latin american
beaten,2,latin american
homemade,2,latin american
spinach,2,latin american
long,2,latin american
cookies,2,latin american
steaks,2,latin american
plum,2,latin american
leaf,2,latin american
con,2,latin american
dulce,2,latin american
parts,2,latin american
de,2,latin american
peach,2,latin american
trimmed,2,latin american
jalapeno,2,latin american
one,2,latin american
leche,2,latin american
avocado,2,latin american
cans,2,latin american
essence,2,latin american
yolks,2,latin american
soft,2,latin american
thyme,2,latin american
mild,2,latin american
mayonnaise,2,latin american
sherry,2,latin american
meringue,2,latin american
sweet,2,latin american
lean,2,latin american
raisins,2,latin american
halfway,2,latin american
skinned,2,latin american
avoid,2,latin american
fully,2,latin american
depending,2,latin american
stores,2,latin american
american,2,latin american
south,2,latin american
bass,2,latin american
flounder,2,latin american
muenster,2,latin american
squeezed,2,latin american
extra,2,latin american
previously,2,latin american
needed,2,latin american
cornstarch,2,latin american
cornmeal,2,latin american
steak,2,latin american
used,2,latin american
regular,2,latin american
scallion,2,latin american
coriander,2,latin american
mozzarella,2,latin american
brand,2,latin american
maseca,2,latin american
markets,2,latin american
capers,2,latin american
bitterness,2,latin american
boiled,2,latin american
bitesized,2,latin american
f,2,latin american
degrees,2,latin american
yeast,2,latin american
dice,2,latin american
rectangles,2,latin american
stem,2,latin american
inch,2,latin american
uncooked,2,latin american
chocolate,2,latin american
dark,2,latin american
strawberry,2,latin american
whipped,2,latin american
latin,2,latin american
room,2,latin american
better,2,latin american
known,2,latin american
giant,2,latin american
cusco,2,latin american
ears,2,latin american
temperature,2,latin american
washed,2,latin american
farmers,1,latin american
tends,1,latin american
sheet,1,latin american
almond,1,latin american
coat,1,latin american
smoked,1,latin american
varnish,1,latin american
cassava,1,latin american
called,1,latin american
box,1,latin american
kind,1,latin american
liter,1,latin american
vinein,1,latin american
favorite,1,latin american
work,1,latin american
chuck,1,latin american
tabasco,1,latin american
pressed,1,latin american
hot,1,latin american
scallions,1,latin american
clove,1,latin american
unripe,1,latin american
jalapenos,1,latin american
plantain,1,latin american
thin,1,latin american
estimated,1,latin american
tsp,1,latin american
spray,1,latin american
quarts,1,latin american
coarsley,1,latin american
adobo,1,latin american
peanut,1,latin american
crunchy,1,latin american
divided,1,latin american
annatto,1,latin american
fleshed,1,latin american
amt,1,latin american
strained,1,latin american
pam,1,latin american
mint,1,latin american
cereal,1,latin american
oatmeal,1,latin american
gerber,1,latin american
almonds,1,latin american
slivered,1,latin american
seed,1,latin american
celery,1,latin american
pickled,1,latin american
unpeeled,1,latin american
brown,1,latin american
nut,1,latin american
brazil,1,latin american
olives,1,latin american
halved,1,latin american
pitted,1,latin american
baby,1,latin american
chorizo,1,latin american
sausages,1,latin american
epazote,1,latin american
melted,1,latin american
sheets,1,latin american
pastry,1,latin american
phyllo,1,latin american
available,1,latin american
crumbled,1,latin american
italian,1,latin american
pounds,1,latin american
canned,1,latin american
boiling,1,latin american
ancho,1,latin american
tortillas,1,latin american
sausage,1,latin american
spiced,1,latin american
prunes,1,latin american
quinoa,1,latin american
cobs,1,latin american
cover,1,latin american
quarters,1,latin american
inches,1,latin american
scraped,1,latin american
stems,1,latin american
cold,1,latin american
peppercorns,1,latin american
marjoram,1,latin american
serving,1,latin american
chickens,1,latin american
whites,1,latin american
tblsp,1,latin american
defrosted,1,latin american
thoroughly,1,latin american
grains,1,latin american
take,1,latin american
lengthwise,1,latin american
rings,1,latin american
coarse,1,latin american
habanero,1,latin american
enough,1,latin american
pulp,1,latin american
foil,1,latin american
find,1,latin american
amarillo,1,latin american
real,1,latin american
firm,1,latin american
lite,1,latin american
authenticity,1,latin american
difference,1,latin american
makes,1,latin american
really,1,latin american
palm,1,latin american
desired,1,latin american
roasting,1,latin american
slices,1,latin american
aluminum,1,latin american
dont,1,latin american
softly,1,latin american
usually,1,latin american
hershey,1,latin american
special,1,latin american
sweetness,1,latin american
mellows,1,latin american
active,1,latin american
celsius,1,latin american
lukewarm,1,latin american
scalded,1,latin american
crushed,1,latin american
passion,1,latin american
mango,1,latin american
papaya,1,latin american
access,1,latin american
coffee,1,latin american
another,1,latin american
rhubarb,1,latin american
even,1,latin american
pineapple,1,latin american
mama,1,latin american
clericis,1,latin american
recipe,1,latin american
make,1,latin american
peaches,1,latin american
reserved,1,latin american
boxes,1,latin american
tbsp,1,latin american
rind,1,latin american
cocoa,1,latin american
lightly,1,latin american
strong,1,latin american
removed,1,latin american
lorocco,1,latin american
ear,1,latin american
rounds,1,latin american
try,1,latin american
bold,1,latin american
rotisserie,1,latin american
flavor,1,latin american
heaping,1,latin american
cayenne,1,latin american
picnic,1,latin american
shoulder,1,latin american
per,1,latin american
using,1,latin american
smaller,1,latin american
liquid,1,latin american
tropical,1,latin american
kahlua,1,latin american
flower,1,latin american
canola,1,latin american
ginger,1,latin american
vegetarian,1,latin american
stripes,1,latin american
thaw,1,latin american
loin,1,latin american
liters,1,latin american
msg,1,latin american
turmeric,1,latin american
panca,1,latin american
chiles,1,latin american
seeds,1,latin american
evaporated,1,latin american
sprinkles,1,latin american
decorate,1,latin american
jimmies,1,latin american
knorr,1,latin american
chayotes,1,latin american
conch,1,latin american
fillet,1,latin american
choice,1,latin american
tortilla,1,latin american
spaghetti,1,latin american
plain,1,latin american
two,1,latin american
oz,1,latin american
marmalade,1,latin american
powdered,1,latin american
harina,1,latin american
tamales,1,latin american
shortening,1,latin american
marinade,1,latin american
sofrito,1,latin american
butt,1,latin american
stew,1,latin american
sizes,1,latin american
chipotle,1,latin american
salsa,1,latin american
longgrain,1,latin american
soaked,1,latin american
minutes,1,latin american
drain,1,latin american
size,1,latin american
marble,1,latin american
garbanzo,1,latin american
hard,1,latin american
spine,1,latin american
spices,1,latin american
crab,1,latin american
deseeded,1,latin american
flame,1,latin american
pigeon,1,latin american
slivers,1,latin american
cored,1,latin american
bay,1,latin american
pea,1,latin american
pimiento,1,latin american
roasted,1,latin american
grain,1,latin american
bijol,1,latin american
hellmanns,1,latin american
salad,1,latin american
dressing,1,latin american
stuff,1,latin american
monterey,1,latin american
jack,1,latin american
cabbage,1,latin american
coleslaw,1,latin american
mix,1,latin american
mustard,1,latin american
ketchup,1,latin american
portuguese,1,latin american
rolls,1,latin american
packages,1,latin american
culantro,1,latin american
fat,1,latin american
skirt,1,latin american
tomatillo,1,latin american
guajillo,1,latin american
warmed,1,latin american
nutmeg,1,latin american
sauce,89,chinese
oil,84,chinese
soy,58,chinese
rice,44,chinese
garlic,44,chinese
sesame,43,chinese
ginger,40,chinese
chicken,36,chinese
sugar,35,chinese
pepper,35,chinese
water,34,chinese
green,34,chinese
salt,31,chinese
cornstarch,30,chinese
vinegar,28,chinese
wine,26,chinese
cloves,21,chinese
onions,21,chinese
red,18,chinese
vegetable,17,chinese
pork,17,chinese
peanut,16,chinese
chinese,16,chinese
egg,15,chinese
onion,15,chinese
chili,15,chinese
black,14,chinese
light,13,chinese
peeled,13,chinese
white,13,chinese
flakes,13,chinese
beaten,12,chinese
cooked,12,chinese
powder,12,chinese
seeds,11,chinese
brown,11,chinese
cold,10,chinese
boneless,10,chinese
broth,10,chinese
eggs,10,chinese
hoisin,10,chinese
sodium,9,chinese
thin,9,chinese
clove,9,chinese
slices,9,chinese
flour,9,chinese
medium,9,chinese
low,9,chinese
scallion,9,chinese
sherry,9,chinese
carrot,9,chinese
stock,8,chinese
oyster,8,chinese
honey,7,chinese
celery,7,chinese
scallions,7,chinese
juice,7,chinese
frying,7,chinese
inch,6,chinese
skinless,6,chinese
orange,6,chinese
hot,6,chinese
cabbage,6,chinese
bean,6,chinese
shredded,6,chinese
leaves,5,chinese
diced,5,chinese
wonton,5,chinese
strips,5,chinese
frozen,5,chinese
plus,5,chinese
toasted,5,chinese
cubes,5,chinese
shrimp,5,chinese
pineapple,5,chinese
lean,5,chinese
wrappers,4,chinese
powdered,4,chinese
small,4,chinese
grain,4,chinese
parts,4,chinese
broccoli,4,chinese
drops,4,chinese
ketchup,4,chinese
lightly,4,chinese
butter,4,chinese
like,4,chinese
mushrooms,4,chinese
dark,4,chinese
thawed,4,chinese
peas,4,chinese
chunks,4,chinese
breasts,4,chinese
crushed,3,chinese
boiled,3,chinese
ham,3,chinese
separated,3,chinese
regular,3,chinese
shoots,3,chinese
gingerroot,3,chinese
noodles,3,chinese
head,3,chinese
szechuan,3,chinese
tamari,3,chinese
pieces,3,chinese
tops,3,chinese
maize,3,chinese
shiitake,3,chinese
shaoxing,3,chinese
bamboo,3,chinese
deveined,3,chinese
skins,3,chinese
beef,3,chinese
according,3,chinese
package,3,chinese
chives,3,chinese
boiling,3,chinese
parsley,3,chinese
tofu,3,chinese
cucumber,3,chinese
lime,3,chinese
spring,3,chinese
fine,3,chinese
drained,3,chinese
dash,3,chinese
sriracha,3,chinese
wedges,2,chinese
unsalted,2,chinese
soya,2,chinese
cubed,2,chinese
sour,2,chinese
extract,2,chinese
peppercorns,2,chinese
roughly,2,chinese
beans,2,chinese
halves,2,chinese
room,2,chinese
bouillon,2,chinese
carrots,2,chinese
read,2,chinese
grains,2,chinese
pinch,2,chinese
preferably,2,chinese
spice,2,chinese
sealing,2,chinese
mandarin,2,chinese
cilantro,2,chinese
pea,2,chinese
chestnuts,2,chinese
piece,2,chinese
florets,2,chinese
smashed,2,chinese
paste,2,chinese
long,2,chinese
mustard,2,chinese
granulated,2,chinese
divided,2,chinese
fermented,2,chinese
add,2,chinese
sprouts,2,chinese
five,2,chinese
syrup,2,chinese
slightly,2,chinese
note,2,chinese
prepared,2,chinese
bok,2,chinese
sweet,2,chinese
zest,2,chinese
peanuts,2,chinese
lard,2,chinese
olive,2,chinese
use,2,chinese
many,2,chinese
breast,2,chinese
make,2,chinese
instructions,2,chinese
inches,2,chinese
mayonnaise,2,chinese
cm,2,chinese
seed,2,chinese
tenderloin,2,chinese
peppers,2,chinese
bell,2,chinese
choy,2,chinese
stalks,2,chinese
canola,2,chinese
mix,2,chinese
chilies,2,chinese
need,2,chinese
thirds,2,chinese
x,2,chinese
people,2,chinese
cooking,2,chinese
sized,2,chinese
amount,2,chinese
fat,2,chinese
deep,2,chinese
cream,2,chinese
thighs,2,chinese
packages,2,chinese
coleslaw,2,chinese
size,2,chinese
gelatin,2,chinese
allpurpose,2,chinese
may,2,chinese
brush,1,chinese
quickcooking,1,chinese
pancake,1,chinese
ends,1,chinese
slivers,1,chinese
vodka,1,chinese
pencil,1,chinese
duck,1,chinese
baby,1,chinese
sum,1,chinese
steaming,1,chinese
chops,1,chinese
usually,1,chinese
guess,1,chinese
depending,1,chinese
eating,1,chinese
baking,1,chinese
margarine,1,chinese
chunk,1,chinese
longer,1,chinese
shoulder,1,chinese
length,1,chinese
bite,1,chinese
lite,1,chinese
frothy,1,chinese
coarsely,1,chinese
corn,1,chinese
cucumbers,1,chinese
silken,1,chinese
maple,1,chinese
fivespice,1,chinese
chickenvege,1,chinese
cantaloupes,1,chinese
julienned,1,chinese
raisins,1,chinese
cube,1,chinese
fried,1,chinese
steam,1,chinese
packed,1,chinese
loosely,1,chinese
young,1,chinese
walnuts,1,chinese
pastelcolored,1,chinese
lowgluten,1,chinese
sprout,1,chinese
milk,1,chinese
coconut,1,chinese
ice,1,chinese
watermelon,1,chinese
undrained,1,chinese
jello,1,chinese
brand,1,chinese
segments,1,chinese
squeezed,1,chinese
thai,1,chinese
lowfat,1,chinese
italian,1,chinese
cider,1,chinese
creole,1,chinese
dijon,1,chinese
quartered,1,chinese
cored,1,chinese
tomatoes,1,chinese
leftover,1,chinese
shallots,1,chinese
bitesize,1,chinese
gyoza,1,chinese
raw,1,chinese
presoaked,1,chinese
skin,1,chinese
boil,1,chinese
reserved,1,chinese
good,1,chinese
really,1,chinese
makes,1,chinese
knowbut,1,chinese
champion,1,chinese
tapioca,1,chinese
diagonally,1,chinese
half,1,chinese
markets,1,chinese
asian,1,chinese
found,1,chinese
sea,1,chinese
screwpine,1,chinese
optionalit,1,chinese
fragrant,1,chinese
whole,1,chinese
enough,1,chinese
thumb,1,chinese
essential,1,chinese
chilli,1,chinese
coriander,1,chinese
whites,1,chinese
melted,1,chinese
cooled,1,chinese
almond,1,chinese
lemon,1,chinese
brewed,1,chinese
tea,1,chinese
pearl,1,chinese
dim,1,chinese
thick,1,chinese
lengthwiseshredded,1,chinese
necks,1,chinese
lot,1,chinese
roll,1,chinese
wraps,1,chinese
bourbon,1,chinese
depends,1,chinese
number,1,chinese
feeding,1,chinese
also,1,chinese
freezes,1,chinese
well,1,chinese
drain,1,chinese
keep,1,chinese
pat,1,chinese
paper,1,chinese
towels,1,chinese
better,1,chinese
thigh,1,chinese
boned,1,chinese
pods,1,chinese
linguine,1,chinese
work,1,chinese
toastedplus,1,chinese
balsamic,1,chinese
comparable,1,chinese
sweetish,1,chinese
included,1,chinese
heinz,1,chinese
prefer,1,chinese
wings,1,chinese
used,1,chinese
blend,1,chinese
roasted,1,chinese
tenders,1,chinese
bunches,1,chinese
links,1,chinese
sausage,1,chinese
rounds,1,chinese
sushi,1,chinese
rack,1,chinese
spareribs,1,chinese
pounds,1,chinese
gel,1,chinese
food,1,chinese
coloring,1,chinese
temperature,1,chinese
eggplants,1,chinese
kosher,1,chinese
preferred,1,chinese
one,1,chinese
bag,1,chinese
purple,1,chinese
tenderloins,1,chinese
bao,1,chinese
bun,1,chinese
kewpie,1,chinese
panko,1,chinese
breadcrumbs,1,chinese
tails,1,chinese
mixed,1,chinese
shoot,1,chinese
zucchini,1,chinese
backs,1,chinese
chinesestyle,1,chinese
halved,1,chinese
cured,1,chinese
chile,1,chinese
substitute,1,chinese
meat,1,chinese
turkeybeef,1,chinese
even,1,chinese
veggie,1,chinese
crumbles,1,chinese
wheat,1,chinese
lamb,1,chinese
cumin,1,chinese
cheese,1,chinese
temp,1,chinese
crabmeat,1,chinese
picked,1,chinese
wrapper,1,chinese
buy,1,chinese
im,1,chinese
never,1,chinese
quite,1,chinese
sure,1,chinese
ill,1,chinese
end,1,chinese
gai,1,chinese
lan,1,chinese
rinsed,1,chinese
instant,1,chinese
granules,1,chinese
spaghetti,1,chinese
spinach,1,chinese
yolk,1,chinese
steamed,1,chinese
dusting,1,chinese
favorite,1,chinese
smoked,1,chinese
smithfield,1,chinese
rough,1,chinese
diameter,1,chinese
mushroom,1,chinese
flattened,1,chinese
unflavored,1,chinese
uncooked,1,chinese
dumpling,1,chinese
square,1,chinese
round,1,chinese
napa,1,chinese
matchsticksize,1,chinese
molasses,1,chinese
peppercorn,1,chinese
seasoned,1,chinese
less,1,chinese
parboiling,1,chinese
nira,1,chinese
toubanjan,1,chinese
doubanjiang,1,chinese
tenmienjan,1,chinese
tenmenjan,1,chinese
tenmenjiang,1,chinese
ichimi,1,chinese
togarashi,1,chinese
japanese,1,chinese
sake,1,chinese
thicklysliced,1,chinese
sauce,48,japanese
sugar,39,japanese
rice,38,japanese
soy,37,japanese
salt,33,japanese
oil,30,japanese
water,27,japanese
mirin,19,japanese
pepper,19,japanese
flour,17,japanese
eggs,15,japanese
sesame,15,japanese
chicken,14,japanese
green,14,japanese
pork,14,japanese
garlic,13,japanese
ginger,13,japanese
onion,13,japanese
vinegar,13,japanese
cabbage,10,japanese
egg,10,japanese
beef,10,japanese
cooked,10,japanese
vegetable,10,japanese
dashi,10,japanese
small,9,japanese
piece,9,japanese
sake,9,japanese
noodles,9,japanese
sushi,9,japanese
boneless,8,japanese
pieces,8,japanese
seeds,8,japanese
japanese,8,japanese
stock,7,japanese
clove,7,japanese
peeled,7,japanese
medium,7,japanese
beaten,7,japanese
hot,7,japanese
red,7,japanese
nori,7,japanese
bean,6,japanese
black,6,japanese
powder,6,japanese
onions,6,japanese
panko,6,japanese
breadcrumbs,6,japanese
thin,6,japanese
like,5,japanese
flakes,5,japanese
brown,5,japanese
bonito,5,japanese
butter,5,japanese
use,5,japanese
frying,5,japanese
sprouts,5,japanese
juice,5,japanese
wine,5,japanese
pinch,5,japanese
toasted,5,japanese
cloves,5,japanese
white,5,japanese
carrot,4,japanese
sweet,4,japanese
miso,4,japanese
shredded,4,japanese
beans,4,japanese
fish,4,japanese
kelp,4,japanese
allpurpose,4,japanese
milk,4,japanese
potato,4,japanese
leaf,4,japanese
light,4,japanese
broth,4,japanese
strips,4,japanese
scallion,4,japanese
carrots,4,japanese
wheat,4,japanese
salmon,3,japanese
boiling,3,japanese
recipe,3,japanese
paste,3,japanese
lemon,3,japanese
pickled,3,japanese
tofu,3,japanese
mushrooms,3,japanese
steamed,3,japanese
okinawa,3,japanese
soba,3,japanese
awamori,3,japanese
baking,3,japanese
packet,3,japanese
olive,3,japanese
eel,3,japanese
skin,3,japanese
deep,3,japanese
crabmeat,3,japanese
scallions,3,japanese
leftovers,3,japanese
seaweed,3,japanese
sheet,3,japanese
breasts,3,japanese
see,3,japanese
cooking,3,japanese
low,3,japanese
worcestershire,3,japanese
canola,3,japanese
skinless,3,japanese
raw,3,japanese
sodium,3,japanese
cream,3,japanese
chili,3,japanese
wasabi,3,japanese
apple,3,japanese
thighs,2,japanese
whole,2,japanese
tomato,2,japanese
head,2,japanese
needed,2,japanese
ketchup,2,japanese
steak,2,japanese
either,2,japanese
glutinous,2,japanese
fine,2,japanese
melted,2,japanese
half,2,japanese
chops,2,japanese
katsuoboshi,2,japanese
gingerroot,2,japanese
whatever,2,japanese
granulated,2,japanese
dash,2,japanese
mayonnaise,2,japanese
pressed,2,japanese
rinsed,2,japanese
serving,2,japanese
flavor,2,japanese
without,2,japanese
ramen,2,japanese
packages,2,japanese
inch,2,japanese
bamboo,2,japanese
well,2,japanese
chives,2,japanese
plus,2,japanese
removed,2,japanese
separated,2,japanese
cornstarch,2,japanese
inches,2,japanese
x,2,japanese
honey,2,japanese
chinese,2,japanese
tea,2,japanese
peas,2,japanese
choice,2,japanese
diagonally,2,japanese
cubes,2,japanese
yolks,2,japanese
loin,2,japanese
curry,2,japanese
youd,2,japanese
mochiko,2,japanese
scraps,2,japanese
chunks,2,japanese
bay,2,japanese
mustard,2,japanese
soya,2,japanese
sticky,1,japanese
enough,1,japanese
rinsedsoaked,1,japanese
radish,1,japanese
gome,1,japanese
mochi,1,japanese
dice,1,japanese
regular,1,japanese
isnt,1,japanese
dryroasted,1,japanese
potatoes,1,japanese
hourdrained,1,japanese
cucumber,1,japanese
diced,1,japanese
root,1,japanese
meat,1,japanese
must,1,japanese
fried,1,japanese
atsuage,1,japanese
braised,1,japanese
cutlets,1,japanese
fry,1,japanese
cakes,1,japanese
benishoga,1,japanese
snapper,1,japanese
burdock,1,japanese
gobo,1,japanese
brick,1,japanese
broken,1,japanese
komagire,1,japanese
piiman,1,japanese
shoots,1,japanese
oyster,1,japanese
watercress,1,japanese
bitter,1,japanese
melon,1,japanese
long,1,japanese
bacon,1,japanese
adzuki,1,japanese
shiso,1,japanese
bunch,1,japanese
desired,1,japanese
coriander,1,japanese
dices,1,japanese
shiitake,1,japanese
cinnamon,1,japanese
nutmeg,1,japanese
perfect,1,japanese
luncheon,1,japanese
typically,1,japanese
wrapped,1,japanese
sushigrade,1,japanese
bitesized,1,japanese
slice,1,japanese
smoked,1,japanese
grilled,1,japanese
neutral,1,japanese
brewed,1,japanese
fatty,1,japanese
trimmed,1,japanese
azuki,1,japanese
box,1,japanese
pounded,1,japanese
snow,1,japanese
powdered,1,japanese
seasoned,1,japanese
shrimp,1,japanese
deveined,1,japanese
avocados,1,japanese
surimi,1,japanese
imitation,1,japanese
english,1,japanese
ripe,1,japanese
raisins,1,japanese
stems,1,japanese
nuts,1,japanese
vanilla,1,japanese
chuck,1,japanese
ribeye,1,japanese
quick,1,japanese
meal,1,japanese
already,1,japanese
browned,1,japanese
drained,1,japanese
radishes,1,japanese
grease,1,japanese
hon,1,japanese
description,1,japanese
buy,1,japanese
sirloin,1,japanese
stalks,1,japanese
celery,1,japanese
lengths,1,japanese
angel,1,japanese
hair,1,japanese
pasta,1,japanese
daikon,1,japanese
mushroom,1,japanese
squares,1,japanese
sherry,1,japanese
beaters,1,japanese
substitute,1,japanese
canned,1,japanese
cold,1,japanese
leeks,1,japanese
torn,1,japanese
sheets,1,japanese
grain,1,japanese
note,1,japanese
apricot,1,japanese
tabasco,1,japanese
cucumbers,1,japanese
bouillon,1,japanese
crumbled,1,japanese
according,1,japanese
vegetables,1,japanese
quantity,1,japanese
following,1,japanese
firm,1,japanese
cube,1,japanese
prepared,1,japanese
square,1,japanese
tuna,1,japanese
shortgrain,1,japanese
umeboshi,1,japanese
plum,1,japanese
inchlong,1,japanese
skewers,1,japanese
bran,1,japanese
king,1,japanese
button,1,japanese
quarts,1,japanese
whites,1,japanese
greens,1,japanese
servings,1,japanese
belly,1,japanese
edamame,1,japanese
strawberry,1,japanese
jam,1,japanese
katsuobushi,1,japanese
tartar,1,japanese
drizzle,1,japanese
top,1,japanese
nira,1,japanese
masago,1,japanese
roe,1,japanese
shaoxing,1,japanese
sea,1,japanese
smelt,1,japanese
wonton,1,japanese
wrappers,1,japanese
breast,1,japanese
halves,1,japanese
kosher,1,japanese
spicy,1,japanese
lightly,1,japanese
dijon,1,japanese
allspice,1,japanese
tempura,1,japanese
crushed,1,japanese
tomatoes,1,japanese
fuji,1,japanese
cheese,1,japanese
room,1,japanese
temperature,1,japanese
superfine,1,japanese
caster,1,japanese
dont,1,japanese
much,1,japanese
would,1,japanese
prepare,1,japanese
frozen,1,japanese
napa,1,japanese
savoy,1,japanese
katakuriko,1,japanese
dusting,1,japanese
starch,1,japanese
soymilk,1,japanese
nonadjusted,1,japanese
beni,1,japanese
shoga,1,japanese
tonkatsu,1,japanese
thick,1,japanese
also,1,japanese
used,1,japanese
bread,1,japanese
crumbs,1,japanese
edible,1,japanese
âkomagireâ,1,japanese
konnyaku,1,japanese
shirataki,1,japanese
season,1,japanese
heavy,1,japanese
maccha,1,japanese
pot,1,japanese
spinach,1,japanese
washed,1,japanese
kombu,1,japanese
konbu,1,japanese
substituted,1,japanese
may,1,japanese
udon,1,japanese
one,1,japanese
easier,1,japanese
find,1,japanese
works,1,japanese
bite,1,japanese
sized,1,japanese
cornflour,1,japanese
plain,1,japanese
slices,1,japanese
lemons,1,japanese
japan,1,japanese
usually,1,japanese
sold,1,japanese
intact,1,japanese
lean,1,japanese
gently,1,japanese
ice,1,japanese
sifted,1,japanese
drumsticks,1,japanese
important,1,japanese
flavour,1,japanese
tasty,1,japanese
eat,1,japanese
balsamic,1,japanese
bruised,1,japanese
slit,1,japanese
open,1,japanese
shortgrained,1,japanese
salt,46,spanish
oil,43,spanish
olive,38,spanish
pepper,38,spanish
garlic,34,spanish
lemon,21,spanish
cloves,20,spanish
small,20,spanish
onion,18,spanish
red,18,spanish
tomatoes,18,spanish
white,17,spanish
paprika,16,spanish
parsley,16,spanish
chicken,15,spanish
green,15,spanish
sugar,15,spanish
water,15,spanish
diced,14,spanish
wine,14,spanish
extra,13,spanish
eggs,13,spanish
virgin,13,spanish
bell,11,spanish
spanish,11,spanish
cubes,10,spanish
bread,10,spanish
juice,10,spanish
rice,10,spanish
flour,10,spanish
sea,9,spanish
milk,9,spanish
beans,9,spanish
sweet,9,spanish
butter,9,spanish
black,9,spanish
peeled,9,spanish
saffron,8,spanish
pinch,8,spanish
chorizo,8,spanish
slices,8,spanish
sausage,8,spanish
medium,8,spanish
leaf,8,spanish
vinegar,7,spanish
potatoes,7,spanish
ham,6,spanish
stock,6,spanish
flat,6,spanish
italian,6,spanish
cinnamon,6,spanish
use,6,spanish
pieces,5,spanish
cheese,5,spanish
broth,5,spanish
head,5,spanish
needed,5,spanish
egg,5,spanish
shrimp,5,spanish
chunks,5,spanish
clove,5,spanish
ripe,5,spanish
oz,5,spanish
bay,5,spanish
onions,4,spanish
beaten,4,spanish
pork,4,spanish
kg,4,spanish
yolks,4,spanish
steak,4,spanish
peas,4,spanish
lemons,4,spanish
thyme,4,spanish
inch,4,spanish
add,4,spanish
toasted,4,spanish
powder,4,spanish
cumin,4,spanish
manchego,4,spanish
tomato,4,spanish
long,4,spanish
halved,3,spanish
good,3,spanish
prawns,3,spanish
flatleaf,3,spanish
quartered,3,spanish
leaves,3,spanish
plum,3,spanish
quality,3,spanish
thick,3,spanish
coarsely,3,spanish
allpurpose,3,spanish
mussels,3,spanish
almonds,3,spanish
stick,3,spanish
zest,3,spanish
margarine,3,spanish
flakes,3,spanish
chocolate,3,spanish
smoked,3,spanish
cornstarch,3,spanish
rind,3,spanish
orange,3,spanish
frying,3,spanish
bone,3,spanish
granulated,3,spanish
breadcrumbs,3,spanish
per,3,spanish
whole,3,spanish
sausages,3,spanish
inches,3,spanish
hot,3,spanish
arborio,3,spanish
piece,3,spanish
fine,3,spanish
frozen,3,spanish
blanched,3,spanish
grams,3,spanish
size,3,spanish
potato,3,spanish
grain,3,spanish
uncooked,3,spanish
de,2,spanish
yeast,2,spanish
sherry,2,spanish
crustless,2,spanish
crushed,2,spanish
bowl,2,spanish
oregano,2,spanish
semisweet,2,spanish
pound,2,spanish
liqueur,2,spanish
used,2,spanish
sweeten,2,spanish
extract,2,spanish
sprig,2,spanish
vanilla,2,spanish
cooked,2,spanish
fish,2,spanish
garbanzo,2,spanish
zucchini,2,spanish
dijon,2,spanish
cauliflower,2,spanish
oranges,2,spanish
liters,2,spanish
etc,2,spanish
hake,2,spanish
granny,2,spanish
smith,2,spanish
apple,2,spanish
rioja,2,spanish
fluid,2,spanish
lettuce,2,spanish
peppers,2,spanish
little,2,spanish
roughly,2,spanish
canned,2,spanish
serrano,2,spanish
raw,2,spanish
cracked,2,spanish
skinless,2,spanish
chickpeas,2,spanish
turmeric,2,spanish
best,2,spanish
half,2,spanish
walnuts,2,spanish
mustard,2,spanish
serving,2,spanish
thighs,2,spanish
plus,2,spanish
calasparra,2,spanish
bomba,2,spanish
coarse,2,spanish
yellow,2,spanish
links,2,spanish
torn,2,spanish
may,2,spanish
rabbit,2,spanish
calamari,2,spanish
paste,2,spanish
type,2,spanish
feel,2,spanish
clams,2,spanish
cooking,2,spanish
free,2,spanish
pimenton,2,spanish
puree,2,spanish
crusty,2,spanish
roasted,2,spanish
greens,2,spanish
frito,2,spanish
french,2,spanish
substitute,2,spanish
hardboiled,2,spanish
almond,2,spanish
vegetable,2,spanish
sprigs,2,spanish
risotto,2,spanish
removed,2,spanish
works,2,spanish
unsalted,1,spanish
lentils,1,spanish
dipping,1,spanish
sodium,1,spanish
low,1,spanish
jerez,1,spanish
cubed,1,spanish
cream,1,spanish
tbsp,1,spanish
kielbasa,1,spanish
heavy,1,spanish
cube,1,spanish
grapes,1,spanish
slightly,1,spanish
vinagre,1,spanish
breast,1,spanish
bigger,1,spanish
pudding,1,spanish
light,1,spanish
mostly,1,spanish
dough,1,spanish
unbleached,1,spanish
mixed,1,spanish
lukewarm,1,spanish
brandy,1,spanish
lightly,1,spanish
candied,1,spanish
fruit,1,spanish
cherries,1,spanish
cucumber,1,spanish
cored,1,spanish
chives,1,spanish
cider,1,spanish
romaine,1,spanish
portuguese,1,spanish
wedges,1,spanish
linguica,1,spanish
parmesan,1,spanish
mexican,1,spanish
lean,1,spanish
bite,1,spanish
whites,1,spanish
bratwursts,1,spanish
washed,1,spanish
leche,1,spanish
sub,1,spanish
goodquality,1,spanish
apricot,1,spanish
jam,1,spanish
glaze,1,spanish
boneless,1,spanish
tenderloins,1,spanish
diagonal,1,spanish
skirt,1,spanish
strips,1,spanish
jarred,1,spanish
drumsticks,1,spanish
bonein,1,spanish
vermouth,1,spanish
tend,1,spanish
strand,1,spanish
tart,1,spanish
coriander,1,spanish
converted,1,spanish
julia,1,spanish
suggests,1,spanish
uncle,1,spanish
bens,1,spanish
shell,1,spanish
peeledseededjuicedand,1,spanish
minutes,1,spanish
olives,1,spanish
pitted,1,spanish
basil,1,spanish
capsicum,1,spanish
apples,1,spanish
thawed,1,spanish
melted,1,spanish
suggested,1,spanish
sifted,1,spanish
guava,1,spanish
marmalade,1,spanish
dulce,1,spanish
coating,1,spanish
octopus,1,spanish
larger,1,spanish
boiled,1,spanish
diagonally,1,spanish
rounds,1,spanish
thickness,1,spanish
less,1,spanish
fillets,1,spanish
scallions,1,spanish
pastry,1,spanish
desired,1,spanish
warm,1,spanish
brown,1,spanish
thread,1,spanish
drained,1,spanish
piquillo,1,spanish
jar,1,spanish
spray,1,spanish
shredded,1,spanish
salad,1,spanish
dozen,1,spanish
sheet,1,spanish
puff,1,spanish
approx,1,spanish
capers,1,spanish
seeds,1,spanish
anise,1,spanish
dark,1,spanish
thirds,1,spanish
lengthwise,1,spanish
deveined,1,spanish
confectioners,1,spanish
aniseed,1,spanish
active,1,spanish
quart,1,spanish
crust,1,spanish
baguette,1,spanish
prosciutto,1,spanish
eggplant,1,spanish
rustic,1,spanish
preferably,1,spanish
peasant,1,spanish
florets,1,spanish
country,1,spanish
without,1,spanish
crusts,1,spanish
pine,1,spanish
nuts,1,spanish
pasteurized,1,spanish
grapeseed,1,spanish
new,1,spanish
diameter,1,spanish
scrubbed,1,spanish
seed,1,spanish
lover,1,spanish
coffee,1,spanish
instant,1,spanish
sticks,1,spanish
extravirgin,1,spanish
bacon,1,spanish
panko,1,spanish
cod,1,spanish
evaporated,1,spanish
homemade,1,spanish
personal,1,spanish
kosher,1,spanish
according,1,spanish
honey,1,spanish
mild,1,spanish
jasmine,1,spanish
peel,1,spanish
cold,1,spanish
wedge,1,spanish
raisins,1,spanish
orangeflavored,1,spanish
shallot,1,spanish
bottle,1,spanish
burgundy,1,spanish
ice,1,spanish
mayonnaise,1,spanish
loaf,1,spanish
nutmeg,1,spanish
chips,1,spanish
dissolved,1,spanish
chilies,1,spanish
like,1,spanish
smokey,1,spanish
bass,1,spanish
crumbled,1,spanish
toothpick,1,spanish
bunch,1,spanish
laurel,1,spanish
one,1,spanish
chose,1,spanish
various,1,spanish
kinds,1,spanish
mackerel,1,spanish
swordfish,1,spanish
tuna,1,spanish
skate,1,spanish
monkfish,1,spanish
fl,1,spanish
person,1,spanish
haddock,1,spanish
juicy,1,spanish
threads,1,spanish
scallops,1,spanish
drizzling,1,spanish
divided,1,spanish
grape,1,spanish
self,1,spanish
raising,1,spanish
aniseflavored,1,spanish
baking,1,spanish
peppercorns,1,spanish
capsicums,1,spanish
collard,1,spanish
chili,1,spanish
using,1,spanish
pureed,1,spanish
veal,1,spanish
cannellini,1,spanish
organic,1,spanish
picked,1,spanish
rosemary,1,spanish
cans,1,spanish
fabada,1,spanish
package,1,spanish
ones,1,spanish
marrow,1,spanish
recipe,1,spanish
aubergines,1,spanish
called,1,spanish
bonelessskinless,1,spanish
much,1,spanish
easier,1,spanish
rolled,1,spanish
balls,1,spanish
cabbage,1,spanish
pasta,1,spanish
shells,1,spanish
unpeeled,1,spanish
rubbing,1,spanish
eggplants,1,spanish
shortgrain,1,spanish
