count,ingredient
62,sauce
47,sugar
46,oil
43,lime
40,rice
38,garlic
35,red
29,coconut
29,pepper
28,fish
28,green
27,leaves
27,chicken
26,juice
26,paste
25,cilantro
24,onion
22,salt
21,milk
21,brown
20,thai
20,ginger
20,chili
19,peanut
19,soy
17,curry
17,cloves
15,vegetable
15,water
14,skinless
14,vinegar
13,lemongrass
13,boneless
13,powder
13,small
13,basil
12,peeled
12,chilies
11,roasted
11,coriander
11,medium
11,crushed
11,black
11,white
11,inch
11,noodles
11,strips
11,coarsely
11,pieces
11,mushrooms
10,palm
10,breasts
10,peanuts
10,butter
10,onions
9,beef
9,shredded
8,leaf
8,oyster
8,light
8,zest
8,canola
8,drained
8,kaffir
8,bell
7,peppers
7,creamy
7,hot
7,shrimp
7,cooked
7,tomatoes
7,bean
7,lemon
7,thick
7,diced
6,lightly
6,stalk
6,shallot
6,bunch
6,cream
6,sprouts
6,stalks
6,mint
6,lettuce
6,stock
6,thin
5,beans
5,gingerroot
5,package
5,flakes
5,sweet
5,unsweetened
5,wedges
5,long
5,shallots
5,use
5,halved
5,clove
5,turmeric
5,jalapeno
5,honey
5,sesame
4,oelek
4,sambal
4,wine
4,pork
4,tofu
4,firm
4,breast
4,salted
4,packed
4,slices
4,cubes
4,olive
4,serving
4,thighs
4,cumin
4,carrot
4,broth
4,cubed
4,broccoli
4,cans
4,plus
4,galangal
4,toasted
3,included
3,rinsed
3,chiles
3,extra
3,seeds
3,button
3,scallions
3,flour
3,frozen
3,squeezed
3,chile
3,roughly
3,straw
3,dark
3,half
3,lengthwise
3,beaten
3,cooking
3,spring
3,eggs
3,grain
3,trimmed
3,vermicelli
3,jasmine
3,cucumber
3,carrots
3,cabbage
3,steaks
3,serrano
3,salad
3,chunks
2,slivered
2,additional
2,roots
2,part
2,also
2,good
2,less
2,sprigs
2,short
2,tender
2,celery
2,cayenne
2,julienned
2,mushroom
2,lengths
2,birds
2,slice
2,mango
2,parts
2,eye
2,quartered
2,scored
2,cornstarch
2,cider
2,peas
2,nam
2,frying
2,loosely
2,sticky
2,glutinous
2,kosher
2,steak
2,bitesized
2,pasta
2,cashews
2,crunchy
2,salsa
2,recipe
2,patted
2,seasoned
2,uncooked
2,cracked
2,outer
2,first
2,greens
2,rump
2,chiligarlic
2,sirloin
2,jar
2,halfandhalf
2,deveined
2,cardamom
2,cinnamon
2,whole
2,removed
2,canned
2,add
2,chinese
2,romaine
2,mince
2,bamboo
2,soya
2,regular
2,minutes
2,panang
2,soaked
1,measure
1,knife
1,seedless
1,desired
1,crush
1,substituted
1,back
1,golden
1,rose
1,new
1,slicing
1,heat
1,york
1,strip
1,stems
1,depending
1,toss
1,young
1,exact
1,prefer
1,vietnamese
1,bahn
1,pho
1,senmee
1,peel
1,egg
1,sprout
1,sriracha
1,shoots
1,unprocessed
1,natural
1,raisin
1,apple
1,moderate
1,stacked
1,spicyness
1,nuts
1,napa
1,aka
1,reserve
1,pistachio
1,laos
1,see
1,corn
1,molasses
1,pla
1,tenderloin
1,asian
1,cold
1,lowfat
1,deep
1,supermarket
1,buy
1,jicama
1,bite
1,size
1,snap
1,crispyfried
1,mignonette
1,chunky
1,quality
1,head
1,chilis
1,remove
1,grind
1,fine
1,bagged
1,mix
1,bibb
1,Â½
1,grape
1,stirfries
1,spaghetti
1,quickly
1,hair
1,skin
1,maple
1,leave
1,syrup
1,garnishflavor
1,blackstrap
1,sea
1,potato
1,kale
1,bitesize
1,snake
1,although
1,french
1,brand
1,work
1,well
1,tapioca
1,pandanus
1,tritip
1,kitchen
1,flank
1,crosswise
1,angel
1,punch
1,unsalted
1,papayas
1,blanched
1,crisp
1,finelychopped
1,sprig
1,clear
1,softthen
1,fungus
1,presoaked
1,cooled
1,guajillo
1,stemmed
1,seconds
1,inches
1,ramen
1,bought
1,crispy
1,fried
1,deseeded
1,roma
1,pad
1,count
1,cherry
1,pinch
1,kg
1,brisket
1,gravy
1,shank
1,pineapple
1,tomato
1,layer
1,lite
1,like
1,mild
1,kind
1,steamed
1,fillet
1,wedge
1,divided
1,paad
1,madras
1,indian
1,skewers
1,linguine
1,iceberg
1,instructions
1,stir
1,fry
1,vegetables
1,tea
1,pods
1,amount
1,diagonal
1,scallion
1,sriraja
1,crystallized
1,almonds
1,massaman
1,made
1,limes
1,brave
1,goodquality
1,eighths
1,pressed
1,diagonally
1,approximately
1,diameter
1,prik
1,pao
1,thickly
1,washed
1,yellow
1,youre
1,thigh
1,sticks
1,seededand
1,peeledpittedcut
1,zucchini
1,lean
1,loin
1,tenders
1,shiitake
1,according
1,directions
1,yardlong
1,plum
1,jaggery
1,big
1,give
1,ingredient
1,find
1,bay
1,waxy
1,potatoes
1,mostly
1,tamarind
1,kow
1,neyo
1,mangoes
1,still
1,quartersize
1,bonelessskinless
1,flaked
1,easier
1,root
1,flat
1,kikoman
1,little
1,time
1,youll
1,know
1,much
1,increase
1,decrease
1,place
1,cant
1,mackerel
